Subject,Filename,Onset,Apex,Offset,AU,Objective class,emotion,label_for_7,label_for_3,imagename_apex,imagename_onset,imagename_apex_offset
spNO.1,b,166,175,179,4,III,disgust,4,0,spNO.1/b/color/175.jpg,spNO.1/b/color/166.jpg,spNO.1/b/color/179.jpg
spNO.1,h,181,185,194,38,VII,surprise,2,2,spNO.1/h/color/185.jpg,spNO.1/h/color/181.jpg,spNO.1/h/color/194.jpg
spNO.1,j,28,33,49,24,VII,happy,1,1,spNO.1/j/color/33.jpg,spNO.1/j/color/28.jpg,spNO.1/j/color/49.jpg
spNO.1,j,102,105,113,26+25,II,surprise,2,2,spNO.1/j/color/105.jpg,spNO.1/j/color/102.jpg,spNO.1/j/color/113.jpg
spNO.1,k,153,159,168,38,VII,happy,1,1,spNO.1/k/color/159.jpg,spNO.1/k/color/153.jpg,spNO.1/k/color/168.jpg
spNO.10,a,116,121,125,16+24,VII,disgust,4,0,spNO.10/a/color/121.jpg,spNO.10/a/color/116.jpg,spNO.10/a/color/125.jpg
spNO.10,d,162,164,165,5,II,surprise,2,2,spNO.10/d/color/164.jpg,spNO.10/d/color/162.jpg,spNO.10/d/color/165.jpg
spNO.10,f,278,279,280,18,VII,fear,5,0,spNO.10/f/color/279.jpg,spNO.10/f/color/278.jpg,spNO.10/f/color/280.jpg
spNO.10,f,280,281,285,28,VII,fear,5,0,spNO.10/f/color/281.jpg,spNO.10/f/color/280.jpg,spNO.10/f/color/285.jpg
spNO.10,i,2030,2035,2098,4,III,disgust,4,0,spNO.10/i/color/2035.jpg,spNO.10/i/color/2030.jpg,spNO.10/i/color/2098.jpg
spNO.10,i,2864,2868,2874,14,VII,anger,6,0,spNO.10/i/color/2868.jpg,spNO.10/i/color/2864.jpg,spNO.10/i/color/2874.jpg
spNO.10,j,1348,1351,1356,15,V,happy,1,1,spNO.10/j/color/1351.jpg,spNO.10/j/color/1348.jpg,spNO.10/j/color/1356.jpg
spNO.10,k,735,737,743,L2,VII,surprise,2,2,spNO.10/k/color/737.jpg,spNO.10/k/color/735.jpg,spNO.10/k/color/743.jpg
spNO.10,k,2067,2069,2072,L2,VII,surprise,2,2,spNO.10/k/color/2069.jpg,spNO.10/k/color/2067.jpg,spNO.10/k/color/2072.jpg
spNO.10,l,1086,1090,1094,4,III,anger,6,0,spNO.10/l/color/1090.jpg,spNO.10/l/color/1086.jpg,spNO.10/l/color/1094.jpg
spNO.10,l,1407,1414,1424,4,III,surprise,2,2,spNO.10/l/color/1414.jpg,spNO.10/l/color/1407.jpg,spNO.10/l/color/1424.jpg
spNO.11,a,26,30,37,4,III,disgust,4,0,spNO.11/a/color/30.jpg,spNO.11/a/color/26.jpg,spNO.11/a/color/37.jpg
spNO.11,a,205,207,212,25,II,surprise,2,2,spNO.11/a/color/207.jpg,spNO.11/a/color/205.jpg,spNO.11/a/color/212.jpg
spNO.11,a,234,242,250,14,VII,disgust,4,0,spNO.11/a/color/242.jpg,spNO.11/a/color/234.jpg,spNO.11/a/color/250.jpg
spNO.11,a,413,415,418,25,II,disgust,4,0,spNO.11/a/color/415.jpg,spNO.11/a/color/413.jpg,spNO.11/a/color/418.jpg
spNO.11,d,1982,1986,1990,L2,VII,fear,5,0,spNO.11/d/color/1986.jpg,spNO.11/d/color/1982.jpg,spNO.11/d/color/1990.jpg
spNO.11,d,2487,2495,2506,14+24,VII,fear,5,0,spNO.11/d/color/2495.jpg,spNO.11/d/color/2487.jpg,spNO.11/d/color/2506.jpg
spNO.11,e,856,864,872,4,III,disgust,4,0,spNO.11/e/color/864.jpg,spNO.11/e/color/856.jpg,spNO.11/e/color/872.jpg
spNO.11,g,2001,2008,2026,24+14,VII,sad,3,0,spNO.11/g/color/2008.jpg,spNO.11/g/color/2001.jpg,spNO.11/g/color/2026.jpg
spNO.11,h,316,324,338,25,II,surprise,2,2,spNO.11/h/color/324.jpg,spNO.11/h/color/316.jpg,spNO.11/h/color/338.jpg
spNO.11,i,797,807,811,12,I,anger,6,0,spNO.11/i/color/807.jpg,spNO.11/i/color/797.jpg,spNO.11/i/color/811.jpg
spNO.11,i,2740,2748,2758,4+18+9+25,VII,disgust,4,0,spNO.11/i/color/2748.jpg,spNO.11/i/color/2740.jpg,spNO.11/i/color/2758.jpg
spNO.11,m,1602,1609,1621,R14,VII,anger,6,0,spNO.11/m/color/1609.jpg,spNO.11/m/color/1602.jpg,spNO.11/m/color/1621.jpg
spNO.11,m,2240,2245,2255,14,VII,anger,6,0,spNO.11/m/color/2245.jpg,spNO.11/m/color/2240.jpg,spNO.11/m/color/2255.jpg
spNO.12,a,385,392,404,7,VII,disgust,4,0,spNO.12/a/color/392.jpg,spNO.12/a/color/385.jpg,spNO.12/a/color/404.jpg
spNO.12,g,1666,1672,1695,7,VII,anger,6,0,spNO.12/g/color/1672.jpg,spNO.12/g/color/1666.jpg,spNO.12/g/color/1695.jpg
spNO.13,d,787,792,800,16+24,VII,fear,5,0,spNO.13/d/color/792.jpg,spNO.13/d/color/787.jpg,spNO.13/d/color/800.jpg
spNO.13,l,2080,2088,2096,14,VII,sad,3,0,spNO.13/l/color/2088.jpg,spNO.13/l/color/2080.jpg,spNO.13/l/color/2096.jpg
spNO.13,l,2096,2099,2107,24,VII,sad,3,0,spNO.13/l/color/2099.jpg,spNO.13/l/color/2096.jpg,spNO.13/l/color/2107.jpg
spNO.138,c,721,728,739,7,VII,surprise,2,2,spNO.138/c/color/728.jpg,spNO.138/c/color/721.jpg,spNO.138/c/color/739.jpg
spNO.139,l,463,470,477,4,III,sad,3,0,spNO.139/l/color/470.jpg,spNO.139/l/color/463.jpg,spNO.139/l/color/477.jpg
spNO.14,a,474,481,688,38,VII,disgust,4,0,spNO.14/a/color/481.jpg,spNO.14/a/color/474.jpg,spNO.14/a/color/688.jpg
spNO.14,e,2154,2160,2172,L14,VII,sad,3,0,spNO.14/e/color/2160.jpg,spNO.14/e/color/2154.jpg,spNO.14/e/color/2172.jpg
spNO.142,a,634,642,647,12,I,surprise,2,2,spNO.142/a/color/642.jpg,spNO.142/a/color/634.jpg,spNO.142/a/color/647.jpg
spNO.142,c,33,39,51,4,III,disgust,4,0,spNO.142/c/color/39.jpg,spNO.142/c/color/33.jpg,spNO.142/c/color/51.jpg
spNO.142,c,2843,2851,2870,24+14,VII,disgust,4,0,spNO.142/c/color/2851.jpg,spNO.142/c/color/2843.jpg,spNO.142/c/color/2870.jpg
spNO.142,g,1408,1414,1441,24+14,VII,sad,3,0,spNO.142/g/color/1414.jpg,spNO.142/g/color/1408.jpg,spNO.142/g/color/1441.jpg
spNO.142,g,1566,1570,1578,24,VII,sad,3,0,spNO.142/g/color/1570.jpg,spNO.142/g/color/1566.jpg,spNO.142/g/color/1578.jpg
spNO.142,h,5,13,39,14+24,VII,anger,6,0,spNO.142/h/color/13.jpg,spNO.142/h/color/5.jpg,spNO.142/h/color/39.jpg
spNO.142,h,1426,1429,1436,R14,VII,anger,6,0,spNO.142/h/color/1429.jpg,spNO.142/h/color/1426.jpg,spNO.142/h/color/1436.jpg
spNO.142,h,2991,3001,3006,38,VII,anger,6,0,spNO.142/h/color/3001.jpg,spNO.142/h/color/2991.jpg,spNO.142/h/color/3006.jpg
spNO.142,i,11,11,83,14,VII,anger,6,0,spNO.142/i/color/11.jpg,spNO.142/i/color/11.jpg,spNO.142/i/color/83.jpg
spNO.142,i,518,525,532,4,III,disgust,4,0,spNO.142/i/color/525.jpg,spNO.142/i/color/518.jpg,spNO.142/i/color/532.jpg
spNO.142,i,1308,1314,1333,14,VII,anger,6,0,spNO.142/i/color/1314.jpg,spNO.142/i/color/1308.jpg,spNO.142/i/color/1333.jpg
spNO.142,i,1462,1469,1488,4,III,disgust,4,0,spNO.142/i/color/1469.jpg,spNO.142/i/color/1462.jpg,spNO.142/i/color/1488.jpg
spNO.142,j,7,7,42,25+12,VII,happy,1,1,spNO.142/j/color/7.jpg,spNO.142/j/color/7.jpg,spNO.142/j/color/42.jpg
spNO.142,m,2231,2236,2253,L14,VII,anger,6,0,spNO.142/m/color/2236.jpg,spNO.142/m/color/2231.jpg,spNO.142/m/color/2253.jpg
spNO.144,a,20,27,33,R12,I,disgust,4,0,spNO.144/a/color/27.jpg,spNO.144/a/color/20.jpg,spNO.144/a/color/33.jpg
spNO.144,d,2384,2390,2414,21,VII,fear,5,0,spNO.144/d/color/2390.jpg,spNO.144/d/color/2384.jpg,spNO.144/d/color/2414.jpg
spNO.144,d,3048,3055,3063,L2+L1,II,surprise,2,2,spNO.144/d/color/3055.jpg,spNO.144/d/color/3048.jpg,spNO.144/d/color/3063.jpg
spNO.144,d,4414,4417,4425,5,II,surprise,2,2,spNO.144/d/color/4417.jpg,spNO.144/d/color/4414.jpg,spNO.144/d/color/4425.jpg
spNO.144,g,422,426,433,9,IV,sad,3,0,spNO.144/g/color/426.jpg,spNO.144/g/color/422.jpg,spNO.144/g/color/433.jpg
spNO.144,g,884,890,898,L2+L1,II,surprise,2,2,spNO.144/g/color/890.jpg,spNO.144/g/color/884.jpg,spNO.144/g/color/898.jpg
spNO.144,g,1659,1665,1680,14,VII,sad,3,0,spNO.144/g/color/1665.jpg,spNO.144/g/color/1659.jpg,spNO.144/g/color/1680.jpg
spNO.144,g,1824,1832,1882,14,VII,anger,6,0,spNO.144/g/color/1832.jpg,spNO.144/g/color/1824.jpg,spNO.144/g/color/1882.jpg
spNO.144,h,553,560,601,4,III,disgust,4,0,spNO.144/h/color/560.jpg,spNO.144/h/color/553.jpg,spNO.144/h/color/601.jpg
spNO.144,k,2150,2155,2174,4,III,happy,1,1,spNO.144/k/color/2155.jpg,spNO.144/k/color/2150.jpg,spNO.144/k/color/2174.jpg
spNO.144,l,1293,1299,1325,14,VII,sad,3,0,spNO.144/l/color/1299.jpg,spNO.144/l/color/1293.jpg,spNO.144/l/color/1325.jpg
spNO.144,m,928,935,943,R14,VII,anger,6,0,spNO.144/m/color/935.jpg,spNO.144/m/color/928.jpg,spNO.144/m/color/943.jpg
spNO.145,g,150,156,158,5,II,surprise,2,2,spNO.145/g/color/156.jpg,spNO.145/g/color/150.jpg,spNO.145/g/color/158.jpg
spNO.145,j,1304,1311,1325,L14,VII,happy,1,1,spNO.145/j/color/1311.jpg,spNO.145/j/color/1304.jpg,spNO.145/j/color/1325.jpg
spNO.146,a,530,536,561,24,VII,disgust,4,0,spNO.146/a/color/536.jpg,spNO.146/a/color/530.jpg,spNO.146/a/color/561.jpg
spNO.146,d,1607,1615,1638,L12,I,fear,5,0,spNO.146/d/color/1615.jpg,spNO.146/d/color/1607.jpg,spNO.146/d/color/1638.jpg
spNO.147,d,1146,1150,1163,5,II,surprise,2,2,spNO.147/d/color/1150.jpg,spNO.147/d/color/1146.jpg,spNO.147/d/color/1163.jpg
spNO.147,f,1473,1477,1504,5,II,surprise,2,2,spNO.147/f/color/1477.jpg,spNO.147/f/color/1473.jpg,spNO.147/f/color/1504.jpg
spNO.147,m,1840,1845,1982,14,VII,anger,6,0,spNO.147/m/color/1845.jpg,spNO.147/m/color/1840.jpg,spNO.147/m/color/1982.jpg
spNO.148,a,403,411,435,4,III,disgust,4,0,spNO.148/a/color/411.jpg,spNO.148/a/color/403.jpg,spNO.148/a/color/435.jpg
spNO.148,a,925,933,977,4,III,disgust,4,0,spNO.148/a/color/933.jpg,spNO.148/a/color/925.jpg,spNO.148/a/color/977.jpg
spNO.148,b,204,213,218,4,III,disgust,4,0,spNO.148/b/color/213.jpg,spNO.148/b/color/204.jpg,spNO.148/b/color/218.jpg
spNO.148,b,287,290,295,4,III,disgust,4,0,spNO.148/b/color/290.jpg,spNO.148/b/color/287.jpg,spNO.148/b/color/295.jpg
spNO.148,b,336,342,348,4,III,disgust,4,0,spNO.148/b/color/342.jpg,spNO.148/b/color/336.jpg,spNO.148/b/color/348.jpg
spNO.148,b,560,568,585,4,III,disgust,4,0,spNO.148/b/color/568.jpg,spNO.148/b/color/560.jpg,spNO.148/b/color/585.jpg
spNO.148,b,811,815,820,4,III,disgust,4,0,spNO.148/b/color/815.jpg,spNO.148/b/color/811.jpg,spNO.148/b/color/820.jpg
spNO.148,c,161,166,174,4,III,disgust,4,0,spNO.148/c/color/166.jpg,spNO.148/c/color/161.jpg,spNO.148/c/color/174.jpg
spNO.148,c,629,637,662,4,III,disgust,4,0,spNO.148/c/color/637.jpg,spNO.148/c/color/629.jpg,spNO.148/c/color/662.jpg
spNO.148,c,801,806,845,4,III,disgust,4,0,spNO.148/c/color/806.jpg,spNO.148/c/color/801.jpg,spNO.148/c/color/845.jpg
spNO.148,c,1665,1672,1890,4,III,disgust,4,0,spNO.148/c/color/1672.jpg,spNO.148/c/color/1665.jpg,spNO.148/c/color/1890.jpg
spNO.148,c,2296,2301,2308,2+1,II,disgust,4,0,spNO.148/c/color/2301.jpg,spNO.148/c/color/2296.jpg,spNO.148/c/color/2308.jpg
spNO.148,c,2341,2347,2372,4,III,disgust,4,0,spNO.148/c/color/2347.jpg,spNO.148/c/color/2341.jpg,spNO.148/c/color/2372.jpg
spNO.148,d,1899,1902,1909,2+1,II,surprise,2,2,spNO.148/d/color/1902.jpg,spNO.148/d/color/1899.jpg,spNO.148/d/color/1909.jpg
spNO.148,d,2261,2266,2272,4,III,fear,5,0,spNO.148/d/color/2266.jpg,spNO.148/d/color/2261.jpg,spNO.148/d/color/2272.jpg
spNO.148,d,2657,2662,2665,4,III,fear,5,0,spNO.148/d/color/2662.jpg,spNO.148/d/color/2657.jpg,spNO.148/d/color/2665.jpg
spNO.148,d,2668,2674,2680,14,VII,fear,5,0,spNO.148/d/color/2674.jpg,spNO.148/d/color/2668.jpg,spNO.148/d/color/2680.jpg
spNO.148,d,4738,4741,4770,1,V,fear,5,0,spNO.148/d/color/4741.jpg,spNO.148/d/color/4738.jpg,spNO.148/d/color/4770.jpg
spNO.148,e,881,889,896,4,III,disgust,4,0,spNO.148/e/color/889.jpg,spNO.148/e/color/881.jpg,spNO.148/e/color/896.jpg
spNO.148,f,597,601,607,4,III,fear,5,0,spNO.148/f/color/601.jpg,spNO.148/f/color/597.jpg,spNO.148/f/color/607.jpg
spNO.148,f,798,802,807,1,V,surprise,2,2,spNO.148/f/color/802.jpg,spNO.148/f/color/798.jpg,spNO.148/f/color/807.jpg
spNO.148,f,1385,1391,1396,4,III,disgust,4,0,spNO.148/f/color/1391.jpg,spNO.148/f/color/1385.jpg,spNO.148/f/color/1396.jpg
spNO.148,f,1464,1468,1474,4,III,fear,5,0,spNO.148/f/color/1468.jpg,spNO.148/f/color/1464.jpg,spNO.148/f/color/1474.jpg
spNO.148,i,133,139,147,2+1,II,surprise,2,2,spNO.148/i/color/139.jpg,spNO.148/i/color/133.jpg,spNO.148/i/color/147.jpg
spNO.148,k,1998,2005,2058,4,III,surprise,2,2,spNO.148/k/color/2005.jpg,spNO.148/k/color/1998.jpg,spNO.148/k/color/2058.jpg
spNO.148,k,2590,2595,2599,4,III,disgust,4,0,spNO.148/k/color/2595.jpg,spNO.148/k/color/2590.jpg,spNO.148/k/color/2599.jpg
spNO.148,l,1349,1353,1364,4,III,disgust,4,0,spNO.148/l/color/1353.jpg,spNO.148/l/color/1349.jpg,spNO.148/l/color/1364.jpg
spNO.148,m,337,343,359,4,III,disgust,4,0,spNO.148/m/color/343.jpg,spNO.148/m/color/337.jpg,spNO.148/m/color/359.jpg
spNO.148,m,1598,1603,1614,1,V,anger,6,0,spNO.148/m/color/1603.jpg,spNO.148/m/color/1598.jpg,spNO.148/m/color/1614.jpg
spNO.149,d,112,83,358,T28+14,VII,fear,5,0,spNO.149/d/color/83.jpg,spNO.149/d/color/112.jpg,spNO.149/d/color/358.jpg
spNO.149,i,1826,1832,1833,24,VII,disgust,4,0,spNO.149/i/color/1832.jpg,spNO.149/i/color/1826.jpg,spNO.149/i/color/1833.jpg
spNO.149,i,1848,1852,1861,25,II,surprise,2,2,spNO.149/i/color/1852.jpg,spNO.149/i/color/1848.jpg,spNO.149/i/color/1861.jpg
spNO.15,j,135,140,181,12,I,happy,1,1,spNO.15/j/color/140.jpg,spNO.15/j/color/135.jpg,spNO.15/j/color/181.jpg
spNO.15,j,726,734,763,14,VII,happy,1,1,spNO.15/j/color/734.jpg,spNO.15/j/color/726.jpg,spNO.15/j/color/763.jpg
spNO.15,j,1157,1165,1173,14,VII,happy,1,1,spNO.15/j/color/1165.jpg,spNO.15/j/color/1157.jpg,spNO.15/j/color/1173.jpg
spNO.15,j,1564,1571,1573,12,I,happy,1,1,spNO.15/j/color/1571.jpg,spNO.15/j/color/1564.jpg,spNO.15/j/color/1573.jpg
spNO.15,l,1400,1403,1408,4,III,anger,6,0,spNO.15/l/color/1403.jpg,spNO.15/l/color/1400.jpg,spNO.15/l/color/1408.jpg
spNO.15,l,2979,2986,2992,4,III,anger,6,0,spNO.15/l/color/2986.jpg,spNO.15/l/color/2979.jpg,spNO.15/l/color/2992.jpg
spNO.150,a,355,361,373,10+4,VII,disgust,4,0,spNO.150/a/color/361.jpg,spNO.150/a/color/355.jpg,spNO.150/a/color/373.jpg
spNO.150,c,1985,1987,1995,1,V,disgust,4,0,spNO.150/c/color/1987.jpg,spNO.150/c/color/1985.jpg,spNO.150/c/color/1995.jpg
spNO.150,e,1040,1048,1062,1,V,surprise,2,2,spNO.150/e/color/1048.jpg,spNO.150/e/color/1040.jpg,spNO.150/e/color/1062.jpg
spNO.150,e,2277,2278,2282,4,III,disgust,4,0,spNO.150/e/color/2278.jpg,spNO.150/e/color/2277.jpg,spNO.150/e/color/2282.jpg
spNO.150,f,2035,2042,2049,L14,VII,fear,5,0,spNO.150/f/color/2042.jpg,spNO.150/f/color/2035.jpg,spNO.150/f/color/2049.jpg
spNO.150,f,2131,2137,2146,14,VII,fear,5,0,spNO.150/f/color/2137.jpg,spNO.150/f/color/2131.jpg,spNO.150/f/color/2146.jpg
spNO.150,g,734,737,765,2+1,II,surprise,2,2,spNO.150/g/color/737.jpg,spNO.150/g/color/734.jpg,spNO.150/g/color/765.jpg
spNO.150,g,1360,1366,1379,1,V,anger,6,0,spNO.150/g/color/1366.jpg,spNO.150/g/color/1360.jpg,spNO.150/g/color/1379.jpg
spNO.150,j,714,722,735,R2+R1,II,surprise,2,2,spNO.150/j/color/722.jpg,spNO.150/j/color/714.jpg,spNO.150/j/color/735.jpg
spNO.150,j,747,753,760,4,III,surprise,2,2,spNO.150/j/color/753.jpg,spNO.150/j/color/747.jpg,spNO.150/j/color/760.jpg
spNO.150,j,1728,1731,1743,4,III,surprise,2,2,spNO.150/j/color/1731.jpg,spNO.150/j/color/1728.jpg,spNO.150/j/color/1743.jpg
spNO.150,k,341,347,372,38,VII,happy,1,1,spNO.150/k/color/347.jpg,spNO.150/k/color/341.jpg,spNO.150/k/color/372.jpg
spNO.152,c,1536,1540,1547,4,III,disgust,4,0,spNO.152/c/color/1540.jpg,spNO.152/c/color/1536.jpg,spNO.152/c/color/1547.jpg
spNO.152,d,2556,2561,2565,4,III,fear,5,0,spNO.152/d/color/2561.jpg,spNO.152/d/color/2556.jpg,spNO.152/d/color/2565.jpg
spNO.152,f,1152,1156,1164,24,VII,surprise,2,2,spNO.152/f/color/1156.jpg,spNO.152/f/color/1152.jpg,spNO.152/f/color/1164.jpg
spNO.152,i,118,119,122,4,III,disgust,4,0,spNO.152/i/color/119.jpg,spNO.152/i/color/118.jpg,spNO.152/i/color/122.jpg
spNO.152,i,133,140,409,24+14+4,VII,anger,6,0,spNO.152/i/color/140.jpg,spNO.152/i/color/133.jpg,spNO.152/i/color/409.jpg
spNO.152,m,735,740,765,14,VII,anger,6,0,spNO.152/m/color/740.jpg,spNO.152/m/color/735.jpg,spNO.152/m/color/765.jpg
spNO.153,a,34,38,50,4,III,disgust,4,0,spNO.153/a/color/38.jpg,spNO.153/a/color/34.jpg,spNO.153/a/color/50.jpg
spNO.153,d,2152,2159,2191,R20,VI,fear,5,0,spNO.153/d/color/2159.jpg,spNO.153/d/color/2152.jpg,spNO.153/d/color/2191.jpg
spNO.153,d,3484,3491,3534,4,III,fear,5,0,spNO.153/d/color/3491.jpg,spNO.153/d/color/3484.jpg,spNO.153/d/color/3534.jpg
spNO.153,d,3654,3660,3687,R20,VI,fear,5,0,spNO.153/d/color/3660.jpg,spNO.153/d/color/3654.jpg,spNO.153/d/color/3687.jpg
spNO.153,d,4563,4570,4589,R20,VI,fear,5,0,spNO.153/d/color/4570.jpg,spNO.153/d/color/4563.jpg,spNO.153/d/color/4589.jpg
spNO.153,h,2019,2024,2032,5,II,surprise,2,2,spNO.153/h/color/2024.jpg,spNO.153/h/color/2019.jpg,spNO.153/h/color/2032.jpg
spNO.153,j,7,8,113,28+14,VII,happy,1,1,spNO.153/j/color/8.jpg,spNO.153/j/color/7.jpg,spNO.153/j/color/113.jpg
spNO.153,j,274,280,288,5,II,surprise,2,2,spNO.153/j/color/280.jpg,spNO.153/j/color/274.jpg,spNO.153/j/color/288.jpg
spNO.153,j,1123,1129,1140,4,III,surprise,2,2,spNO.153/j/color/1129.jpg,spNO.153/j/color/1123.jpg,spNO.153/j/color/1140.jpg
spNO.153,j,1573,1579,1586,5+2+1,VII,surprise,2,2,spNO.153/j/color/1579.jpg,spNO.153/j/color/1573.jpg,spNO.153/j/color/1586.jpg
spNO.153,m,422,430,445,4,III,disgust,4,0,spNO.153/m/color/430.jpg,spNO.153/m/color/422.jpg,spNO.153/m/color/445.jpg
spNO.154,h,259,267,352,14,VII,sad,3,0,spNO.154/h/color/267.jpg,spNO.154/h/color/259.jpg,spNO.154/h/color/352.jpg
spNO.154,i,1336,1342,1366,7+4,III,disgust,4,0,spNO.154/i/color/1342.jpg,spNO.154/i/color/1336.jpg,spNO.154/i/color/1366.jpg
spNO.155,h,1984,1992,2009,14,VII,sad,3,0,spNO.155/h/color/1992.jpg,spNO.155/h/color/1984.jpg,spNO.155/h/color/2009.jpg
spNO.156,a,34,38,46,4,III,disgust,4,0,spNO.156/a/color/38.jpg,spNO.156/a/color/34.jpg,spNO.156/a/color/46.jpg
spNO.156,b,38,43,50,24,VII,disgust,4,0,spNO.156/b/color/43.jpg,spNO.156/b/color/38.jpg,spNO.156/b/color/50.jpg
spNO.156,b,181,186,189,4,III,disgust,4,0,spNO.156/b/color/186.jpg,spNO.156/b/color/181.jpg,spNO.156/b/color/189.jpg
spNO.156,b,371,374,378,4,III,disgust,4,0,spNO.156/b/color/374.jpg,spNO.156/b/color/371.jpg,spNO.156/b/color/378.jpg
spNO.156,c,90,94,101,4,III,disgust,4,0,spNO.156/c/color/94.jpg,spNO.156/c/color/90.jpg,spNO.156/c/color/101.jpg
spNO.156,c,2183,2188,2193,4,III,disgust,4,0,spNO.156/c/color/2188.jpg,spNO.156/c/color/2183.jpg,spNO.156/c/color/2193.jpg
spNO.156,d,204,211,217,38+24+10+9,VII,fear,5,0,spNO.156/d/color/211.jpg,spNO.156/d/color/204.jpg,spNO.156/d/color/217.jpg
spNO.156,d,1117,1122,1132,2+1,II,fear,5,0,spNO.156/d/color/1122.jpg,spNO.156/d/color/1117.jpg,spNO.156/d/color/1132.jpg
spNO.156,d,4680,4687,4694,4,III,fear,5,0,spNO.156/d/color/4687.jpg,spNO.156/d/color/4680.jpg,spNO.156/d/color/4694.jpg
spNO.156,i,2132,2135,2176,4,III,disgust,4,0,spNO.156/i/color/2135.jpg,spNO.156/i/color/2132.jpg,spNO.156/i/color/2176.jpg
spNO.156,l,106,109,114,38,VII,anger,6,0,spNO.156/l/color/109.jpg,spNO.156/l/color/106.jpg,spNO.156/l/color/114.jpg
spNO.157,b,112,120,132,4,III,disgust,4,0,spNO.157/b/color/120.jpg,spNO.157/b/color/112.jpg,spNO.157/b/color/132.jpg
spNO.157,d,2506,2510,2515,4,III,fear,5,0,spNO.157/d/color/2510.jpg,spNO.157/d/color/2506.jpg,spNO.157/d/color/2515.jpg
spNO.157,g,7,14,171,14,VII,sad,3,0,spNO.157/g/color/14.jpg,spNO.157/g/color/7.jpg,spNO.157/g/color/171.jpg
spNO.157,h,5,10,42,14,VII,sad,3,0,spNO.157/h/color/10.jpg,spNO.157/h/color/5.jpg,spNO.157/h/color/42.jpg
spNO.157,j,1701,1709,1751,4,III,disgust,4,0,spNO.157/j/color/1709.jpg,spNO.157/j/color/1701.jpg,spNO.157/j/color/1751.jpg
spNO.157,l,2536,2542,2551,2+1,II,surprise,2,2,spNO.157/l/color/2542.jpg,spNO.157/l/color/2536.jpg,spNO.157/l/color/2551.jpg
spNO.158,h,288,296,304,4,III,sad,3,0,spNO.158/h/color/296.jpg,spNO.158/h/color/288.jpg,spNO.158/h/color/304.jpg
spNO.160,c,2054,2061,2070,4,III,disgust,4,0,spNO.160/c/color/2061.jpg,spNO.160/c/color/2054.jpg,spNO.160/c/color/2070.jpg
spNO.160,c,2283,2290,2298,4,III,surprise,2,2,spNO.160/c/color/2290.jpg,spNO.160/c/color/2283.jpg,spNO.160/c/color/2298.jpg
spNO.160,c,3216,3224,3258,4,III,fear,5,0,spNO.160/c/color/3224.jpg,spNO.160/c/color/3216.jpg,spNO.160/c/color/3258.jpg
spNO.160,d,542,545,550,17,VII,fear,5,0,spNO.160/d/color/545.jpg,spNO.160/d/color/542.jpg,spNO.160/d/color/550.jpg
spNO.160,d,974,979,988,4,III,fear,5,0,spNO.160/d/color/979.jpg,spNO.160/d/color/974.jpg,spNO.160/d/color/988.jpg
spNO.160,d,1199,1203,1208,2+1,II,fear,5,0,spNO.160/d/color/1203.jpg,spNO.160/d/color/1199.jpg,spNO.160/d/color/1208.jpg
spNO.160,d,1497,1501,1505,14,VII,fear,5,0,spNO.160/d/color/1501.jpg,spNO.160/d/color/1497.jpg,spNO.160/d/color/1505.jpg
spNO.160,d,2186,2194,2204,18,VII,fear,5,0,spNO.160/d/color/2194.jpg,spNO.160/d/color/2186.jpg,spNO.160/d/color/2204.jpg
spNO.160,d,2952,2958,3007,4,III,fear,5,0,spNO.160/d/color/2958.jpg,spNO.160/d/color/2952.jpg,spNO.160/d/color/3007.jpg
spNO.160,d,3034,3042,3049,24,VII,fear,5,0,spNO.160/d/color/3042.jpg,spNO.160/d/color/3034.jpg,spNO.160/d/color/3049.jpg
spNO.160,d,4076,4081,4088,4,III,fear,5,0,spNO.160/d/color/4081.jpg,spNO.160/d/color/4076.jpg,spNO.160/d/color/4088.jpg
spNO.160,e,341,345,349,4,III,surprise,2,2,spNO.160/e/color/345.jpg,spNO.160/e/color/341.jpg,spNO.160/e/color/349.jpg
spNO.160,e,459,464,469,4,III,surprise,2,2,spNO.160/e/color/464.jpg,spNO.160/e/color/459.jpg,spNO.160/e/color/469.jpg
spNO.160,e,586,592,597,2+1,II,surprise,2,2,spNO.160/e/color/592.jpg,spNO.160/e/color/586.jpg,spNO.160/e/color/597.jpg
spNO.160,e,635,643,651,2+1,II,surprise,2,2,spNO.160/e/color/643.jpg,spNO.160/e/color/635.jpg,spNO.160/e/color/651.jpg
spNO.160,e,888,894,900,4,III,surprise,2,2,spNO.160/e/color/894.jpg,spNO.160/e/color/888.jpg,spNO.160/e/color/900.jpg
spNO.160,e,1433,1439,1447,2+1,II,surprise,2,2,spNO.160/e/color/1439.jpg,spNO.160/e/color/1433.jpg,spNO.160/e/color/1447.jpg
spNO.160,e,1498,1504,1519,4,III,surprise,2,2,spNO.160/e/color/1504.jpg,spNO.160/e/color/1498.jpg,spNO.160/e/color/1519.jpg
spNO.160,e,1531,1537,1543,14,VII,surprise,2,2,spNO.160/e/color/1537.jpg,spNO.160/e/color/1531.jpg,spNO.160/e/color/1543.jpg
spNO.160,e,1749,1752,1758,4,III,surprise,2,2,spNO.160/e/color/1752.jpg,spNO.160/e/color/1749.jpg,spNO.160/e/color/1758.jpg
spNO.160,e,2093,2101,2113,18,VII,surprise,2,2,spNO.160/e/color/2101.jpg,spNO.160/e/color/2093.jpg,spNO.160/e/color/2113.jpg
spNO.160,e,2569,2574,2580,4,III,surprise,2,2,spNO.160/e/color/2574.jpg,spNO.160/e/color/2569.jpg,spNO.160/e/color/2580.jpg
spNO.160,f,569,576,586,2+1,II,surprise,2,2,spNO.160/f/color/576.jpg,spNO.160/f/color/569.jpg,spNO.160/f/color/586.jpg
spNO.160,f,1833,1841,1872,2+1,II,fear,5,0,spNO.160/f/color/1841.jpg,spNO.160/f/color/1833.jpg,spNO.160/f/color/1872.jpg
spNO.160,f,2218,2222,2234,4,III,fear,5,0,spNO.160/f/color/2222.jpg,spNO.160/f/color/2218.jpg,spNO.160/f/color/2234.jpg
spNO.160,g,440,448,457,4,III,sad,3,0,spNO.160/g/color/448.jpg,spNO.160/g/color/440.jpg,spNO.160/g/color/457.jpg
spNO.160,g,1786,1792,1805,14,VII,anger,6,0,spNO.160/g/color/1792.jpg,spNO.160/g/color/1786.jpg,spNO.160/g/color/1805.jpg
spNO.160,h,481,488,494,4,III,sad,3,0,spNO.160/h/color/488.jpg,spNO.160/h/color/481.jpg,spNO.160/h/color/494.jpg
spNO.160,h,694,698,715,4,III,sad,3,0,spNO.160/h/color/698.jpg,spNO.160/h/color/694.jpg,spNO.160/h/color/715.jpg
spNO.160,h,1575,1583,1594,4,III,sad,3,0,spNO.160/h/color/1583.jpg,spNO.160/h/color/1575.jpg,spNO.160/h/color/1594.jpg
spNO.160,h,2816,2824,2837,14,VII,anger,6,0,spNO.160/h/color/2824.jpg,spNO.160/h/color/2816.jpg,spNO.160/h/color/2837.jpg
spNO.160,i,1270,1276,1281,4,III,disgust,4,0,spNO.160/i/color/1276.jpg,spNO.160/i/color/1270.jpg,spNO.160/i/color/1281.jpg
spNO.160,i,1281,1286,1298,2+1,II,surprise,2,2,spNO.160/i/color/1286.jpg,spNO.160/i/color/1281.jpg,spNO.160/i/color/1298.jpg
spNO.160,i,1311,1316,1321,5,II,surprise,2,2,spNO.160/i/color/1316.jpg,spNO.160/i/color/1311.jpg,spNO.160/i/color/1321.jpg
spNO.160,i,1418,1425,1482,4,III,disgust,4,0,spNO.160/i/color/1425.jpg,spNO.160/i/color/1418.jpg,spNO.160/i/color/1482.jpg
spNO.160,i,1642,1649,1685,14,VII,anger,6,0,spNO.160/i/color/1649.jpg,spNO.160/i/color/1642.jpg,spNO.160/i/color/1685.jpg
spNO.160,i,1762,1765,1773,18+4,VII,disgust,4,0,spNO.160/i/color/1765.jpg,spNO.160/i/color/1762.jpg,spNO.160/i/color/1773.jpg
spNO.160,i,1874,1881,1894,4,III,disgust,4,0,spNO.160/i/color/1881.jpg,spNO.160/i/color/1874.jpg,spNO.160/i/color/1894.jpg
spNO.160,i,1940,1948,1955,38+4,III,disgust,4,0,spNO.160/i/color/1948.jpg,spNO.160/i/color/1940.jpg,spNO.160/i/color/1955.jpg
spNO.160,i,2670,2676,2687,4,III,disgust,4,0,spNO.160/i/color/2676.jpg,spNO.160/i/color/2670.jpg,spNO.160/i/color/2687.jpg
spNO.160,i,3174,3179,3187,2+1,II,surprise,2,2,spNO.160/i/color/3179.jpg,spNO.160/i/color/3174.jpg,spNO.160/i/color/3187.jpg
spNO.160,i,3307,3314,3329,4,III,disgust,4,0,spNO.160/i/color/3314.jpg,spNO.160/i/color/3307.jpg,spNO.160/i/color/3329.jpg
spNO.160,i,3403,3409,3418,4,III,disgust,4,0,spNO.160/i/color/3409.jpg,spNO.160/i/color/3403.jpg,spNO.160/i/color/3418.jpg
spNO.160,i,3674,3680,3695,4,III,disgust,4,0,spNO.160/i/color/3680.jpg,spNO.160/i/color/3674.jpg,spNO.160/i/color/3695.jpg
spNO.160,i,3733,3741,3756,4,III,disgust,4,0,spNO.160/i/color/3741.jpg,spNO.160/i/color/3733.jpg,spNO.160/i/color/3756.jpg
spNO.160,i,3770,3776,3788,4,III,disgust,4,0,spNO.160/i/color/3776.jpg,spNO.160/i/color/3770.jpg,spNO.160/i/color/3788.jpg
spNO.160,i,3985,3990,3997,4,III,disgust,4,0,spNO.160/i/color/3990.jpg,spNO.160/i/color/3985.jpg,spNO.160/i/color/3997.jpg
spNO.160,i,4160,4168,4175,17+4,VII,disgust,4,0,spNO.160/i/color/4168.jpg,spNO.160/i/color/4160.jpg,spNO.160/i/color/4175.jpg
spNO.160,j,1623,1627,1634,4,III,disgust,4,0,spNO.160/j/color/1627.jpg,spNO.160/j/color/1623.jpg,spNO.160/j/color/1634.jpg
spNO.160,k,2426,2433,2450,4,III,disgust,4,0,spNO.160/k/color/2433.jpg,spNO.160/k/color/2426.jpg,spNO.160/k/color/2450.jpg
spNO.160,k,2754,2760,2774,15,V,happy,1,1,spNO.160/k/color/2760.jpg,spNO.160/k/color/2754.jpg,spNO.160/k/color/2774.jpg
spNO.160,l,79,85,93,4,III,sad,3,0,spNO.160/l/color/85.jpg,spNO.160/l/color/79.jpg,spNO.160/l/color/93.jpg
spNO.160,l,1091,1099,1111,2+1,II,surprise,2,2,spNO.160/l/color/1099.jpg,spNO.160/l/color/1091.jpg,spNO.160/l/color/1111.jpg
spNO.160,l,1278,1284,1291,4,III,sad,3,0,spNO.160/l/color/1284.jpg,spNO.160/l/color/1278.jpg,spNO.160/l/color/1291.jpg
spNO.160,m,36,43,49,4,III,disgust,4,0,spNO.160/m/color/43.jpg,spNO.160/m/color/36.jpg,spNO.160/m/color/49.jpg
spNO.160,m,1261,1267,1282,4,III,disgust,4,0,spNO.160/m/color/1267.jpg,spNO.160/m/color/1261.jpg,spNO.160/m/color/1282.jpg
spNO.160,m,1286,1294,1302,4,III,disgust,4,0,spNO.160/m/color/1294.jpg,spNO.160/m/color/1286.jpg,spNO.160/m/color/1302.jpg
spNO.161,f,1572,1579,1599,2+1,II,surprise,2,2,spNO.161/f/color/1579.jpg,spNO.161/f/color/1572.jpg,spNO.161/f/color/1599.jpg
spNO.162,b,1056,1060,1067,4,III,disgust,4,0,spNO.162/b/color/1060.jpg,spNO.162/b/color/1056.jpg,spNO.162/b/color/1067.jpg
spNO.162,c,3059,3067,3077,4,III,disgust,4,0,spNO.162/c/color/3067.jpg,spNO.162/c/color/3059.jpg,spNO.162/c/color/3077.jpg
spNO.162,d,26,33,49,14,VII,surprise,2,2,spNO.162/d/color/33.jpg,spNO.162/d/color/26.jpg,spNO.162/d/color/49.jpg
spNO.162,i,1663,1666,1673,4,III,disgust,4,0,spNO.162/i/color/1666.jpg,spNO.162/i/color/1663.jpg,spNO.162/i/color/1673.jpg
spNO.162,i,3898,3900,3932,14,VII,anger,6,0,spNO.162/i/color/3900.jpg,spNO.162/i/color/3898.jpg,spNO.162/i/color/3932.jpg
spNO.162,i,4008,4010,4016,4,III,disgust,4,0,spNO.162/i/color/4010.jpg,spNO.162/i/color/4008.jpg,spNO.162/i/color/4016.jpg
spNO.162,i,4177,4184,4192,4,III,disgust,4,0,spNO.162/i/color/4184.jpg,spNO.162/i/color/4177.jpg,spNO.162/i/color/4192.jpg
spNO.162,m,191,197,206,4,III,disgust,4,0,spNO.162/m/color/197.jpg,spNO.162/m/color/191.jpg,spNO.162/m/color/206.jpg
spNO.163,e,600,607,618,R14,VII,happy,1,1,spNO.163/e/color/607.jpg,spNO.163/e/color/600.jpg,spNO.163/e/color/618.jpg
spNO.165,a,728,736,790,17,VII,disgust,4,0,spNO.165/a/color/736.jpg,spNO.165/a/color/728.jpg,spNO.165/a/color/790.jpg
spNO.165,b,31,38,52,4,III,disgust,4,0,spNO.165/b/color/38.jpg,spNO.165/b/color/31.jpg,spNO.165/b/color/52.jpg
spNO.165,c,447,453,462,17+14,VII,surprise,2,2,spNO.165/c/color/453.jpg,spNO.165/c/color/447.jpg,spNO.165/c/color/462.jpg
spNO.165,c,945,949,954,2+1,II,disgust,4,0,spNO.165/c/color/949.jpg,spNO.165/c/color/945.jpg,spNO.165/c/color/954.jpg
spNO.165,e,7,11,19,4,III,disgust,4,0,spNO.165/e/color/11.jpg,spNO.165/e/color/7.jpg,spNO.165/e/color/19.jpg
spNO.165,f,2154,2160,2313,4,III,fear,5,0,spNO.165/f/color/2160.jpg,spNO.165/f/color/2154.jpg,spNO.165/f/color/2313.jpg
spNO.165,g,2539,2542,2549,L14,VII,anger,6,0,spNO.165/g/color/2542.jpg,spNO.165/g/color/2539.jpg,spNO.165/g/color/2549.jpg
spNO.165,j,78,86,116,4,III,disgust,4,0,spNO.165/j/color/86.jpg,spNO.165/j/color/78.jpg,spNO.165/j/color/116.jpg
spNO.165,k,2024,2031,2039,9+6+4,VII,disgust,4,0,spNO.165/k/color/2031.jpg,spNO.165/k/color/2024.jpg,spNO.165/k/color/2039.jpg
spNO.166,b,68,74,326,2+1,II,surprise,2,2,spNO.166/b/color/74.jpg,spNO.166/b/color/68.jpg,spNO.166/b/color/326.jpg
spNO.166,l,2573,2579,2628,1,V,surprise,2,2,spNO.166/l/color/2579.jpg,spNO.166/l/color/2573.jpg,spNO.166/l/color/2628.jpg
spNO.167,h,85,92,103,2+1,II,surprise,2,2,spNO.167/h/color/92.jpg,spNO.167/h/color/85.jpg,spNO.167/h/color/103.jpg
spNO.167,j,69,76,84,4,III,disgust,4,0,spNO.167/j/color/76.jpg,spNO.167/j/color/69.jpg,spNO.167/j/color/84.jpg
spNO.167,j,418,422,437,2+1,II,surprise,2,2,spNO.167/j/color/422.jpg,spNO.167/j/color/418.jpg,spNO.167/j/color/437.jpg
spNO.167,j,1692,1697,1705,2+1,II,surprise,2,2,spNO.167/j/color/1697.jpg,spNO.167/j/color/1692.jpg,spNO.167/j/color/1705.jpg
spNO.169,b,91,99,188,R2,VII,surprise,2,2,spNO.169/b/color/99.jpg,spNO.169/b/color/91.jpg,spNO.169/b/color/188.jpg
spNO.169,c,149,156,188,1+2,II,surprise,2,2,spNO.169/c/color/156.jpg,spNO.169/c/color/149.jpg,spNO.169/c/color/188.jpg
spNO.169,c,2049,2053,2065,16,VII,surprise,2,2,spNO.169/c/color/2053.jpg,spNO.169/c/color/2049.jpg,spNO.169/c/color/2065.jpg
spNO.169,d,747,751,774,24,VII,surprise,2,2,spNO.169/d/color/751.jpg,spNO.169/d/color/747.jpg,spNO.169/d/color/774.jpg
spNO.169,d,3115,3122,3165,R2,VII,surprise,2,2,spNO.169/d/color/3122.jpg,spNO.169/d/color/3115.jpg,spNO.169/d/color/3165.jpg
spNO.169,h,1322,1328,1363,24,VII,disgust,4,0,spNO.169/h/color/1328.jpg,spNO.169/h/color/1322.jpg,spNO.169/h/color/1363.jpg
spNO.169,i,379,384,388,24,VII,disgust,4,0,spNO.169/i/color/384.jpg,spNO.169/i/color/379.jpg,spNO.169/i/color/388.jpg
spNO.169,i,1088,1093,1104,24,VII,disgust,4,0,spNO.169/i/color/1093.jpg,spNO.169/i/color/1088.jpg,spNO.169/i/color/1104.jpg
spNO.169,i,1647,1653,1665,24,VII,disgust,4,0,spNO.169/i/color/1653.jpg,spNO.169/i/color/1647.jpg,spNO.169/i/color/1665.jpg
spNO.169,j,123,129,192,7,VII,disgust,4,0,spNO.169/j/color/129.jpg,spNO.169/j/color/123.jpg,spNO.169/j/color/192.jpg
spNO.169,k,1782,1790,1816,4+R2,VII,surprise,2,2,spNO.169/k/color/1790.jpg,spNO.169/k/color/1782.jpg,spNO.169/k/color/1816.jpg
spNO.169,l,1424,1429,1487,24,VII,disgust,4,0,spNO.169/l/color/1429.jpg,spNO.169/l/color/1424.jpg,spNO.169/l/color/1487.jpg
spNO.169,m,817,825,846,4,III,disgust,4,0,spNO.169/m/color/825.jpg,spNO.169/m/color/817.jpg,spNO.169/m/color/846.jpg
spNO.169,m,1589,1594,1616,6+4,VII,disgust,4,0,spNO.169/m/color/1594.jpg,spNO.169/m/color/1589.jpg,spNO.169/m/color/1616.jpg
spNO.17,a,127,135,175,2+1,II,surprise,2,2,spNO.17/a/color/135.jpg,spNO.17/a/color/127.jpg,spNO.17/a/color/175.jpg
spNO.17,m,1128,1136,1140,24+9+4,VII,disgust,4,0,spNO.17/m/color/1136.jpg,spNO.17/m/color/1128.jpg,spNO.17/m/color/1140.jpg
spNO.170,m,2593,2601,2641,14,VII,anger,6,0,spNO.170/m/color/2601.jpg,spNO.170/m/color/2593.jpg,spNO.170/m/color/2641.jpg
spNO.171,a,226,230,234,4,III,disgust,4,0,spNO.171/a/color/230.jpg,spNO.171/a/color/226.jpg,spNO.171/a/color/234.jpg
spNO.171,b,138,146,193,14,VII,surprise,2,2,spNO.171/b/color/146.jpg,spNO.171/b/color/138.jpg,spNO.171/b/color/193.jpg
spNO.171,c,810,815,835,4,III,fear,5,0,spNO.171/c/color/815.jpg,spNO.171/c/color/810.jpg,spNO.171/c/color/835.jpg
spNO.171,d,48,56,63,4,III,fear,5,0,spNO.171/d/color/56.jpg,spNO.171/d/color/48.jpg,spNO.171/d/color/63.jpg
spNO.171,d,274,280,304,4,III,fear,5,0,spNO.171/d/color/280.jpg,spNO.171/d/color/274.jpg,spNO.171/d/color/304.jpg
spNO.171,d,542,548,552,4,III,fear,5,0,spNO.171/d/color/548.jpg,spNO.171/d/color/542.jpg,spNO.171/d/color/552.jpg
spNO.171,d,1666,1674,1684,4,III,fear,5,0,spNO.171/d/color/1674.jpg,spNO.171/d/color/1666.jpg,spNO.171/d/color/1684.jpg
spNO.171,d,2163,2170,2178,4,III,fear,5,0,spNO.171/d/color/2170.jpg,spNO.171/d/color/2163.jpg,spNO.171/d/color/2178.jpg
spNO.171,e,2403,2407,2441,6,I,surprise,2,2,spNO.171/e/color/2407.jpg,spNO.171/e/color/2403.jpg,spNO.171/e/color/2441.jpg
spNO.171,e,2825,2827,2856,6,I,surprise,2,2,spNO.171/e/color/2827.jpg,spNO.171/e/color/2825.jpg,spNO.171/e/color/2856.jpg
spNO.171,f,668,674,705,4,III,fear,5,0,spNO.171/f/color/674.jpg,spNO.171/f/color/668.jpg,spNO.171/f/color/705.jpg
spNO.171,f,2151,2158,2201,4,III,fear,5,0,spNO.171/f/color/2158.jpg,spNO.171/f/color/2151.jpg,spNO.171/f/color/2201.jpg
spNO.171,g,96,99,103,4,III,disgust,4,0,spNO.171/g/color/99.jpg,spNO.171/g/color/96.jpg,spNO.171/g/color/103.jpg
spNO.171,g,1604,1612,1653,1,V,sad,3,0,spNO.171/g/color/1612.jpg,spNO.171/g/color/1604.jpg,spNO.171/g/color/1653.jpg
spNO.171,g,1882,1886,1892,4,III,disgust,4,0,spNO.171/g/color/1886.jpg,spNO.171/g/color/1882.jpg,spNO.171/g/color/1892.jpg
spNO.171,g,2298,2306,2335,4,III,disgust,4,0,spNO.171/g/color/2306.jpg,spNO.171/g/color/2298.jpg,spNO.171/g/color/2335.jpg
spNO.171,h,163,166,173,4,III,disgust,4,0,spNO.171/h/color/166.jpg,spNO.171/h/color/163.jpg,spNO.171/h/color/173.jpg
spNO.171,h,1340,1347,1363,4,III,disgust,4,0,spNO.171/h/color/1347.jpg,spNO.171/h/color/1340.jpg,spNO.171/h/color/1363.jpg
spNO.171,h,1890,1897,1915,4,III,disgust,4,0,spNO.171/h/color/1897.jpg,spNO.171/h/color/1890.jpg,spNO.171/h/color/1915.jpg
spNO.171,h,2941,2948,2963,4,III,disgust,4,0,spNO.171/h/color/2948.jpg,spNO.171/h/color/2941.jpg,spNO.171/h/color/2963.jpg
spNO.171,h,3202,3208,3236,4,III,disgust,4,0,spNO.171/h/color/3208.jpg,spNO.171/h/color/3202.jpg,spNO.171/h/color/3236.jpg
spNO.171,l,933,941,982,1,V,sad,3,0,spNO.171/l/color/941.jpg,spNO.171/l/color/933.jpg,spNO.171/l/color/982.jpg
spNO.171,l,1625,1632,1638,4,III,disgust,4,0,spNO.171/l/color/1632.jpg,spNO.171/l/color/1625.jpg,spNO.171/l/color/1638.jpg
spNO.171,l,1758,1763,1769,4,III,disgust,4,0,spNO.171/l/color/1763.jpg,spNO.171/l/color/1758.jpg,spNO.171/l/color/1769.jpg
spNO.171,l,3553,3559,3569,4,III,disgust,4,0,spNO.171/l/color/3559.jpg,spNO.171/l/color/3553.jpg,spNO.171/l/color/3569.jpg
spNO.171,l,3881,3887,3900,4,III,disgust,4,0,spNO.171/l/color/3887.jpg,spNO.171/l/color/3881.jpg,spNO.171/l/color/3900.jpg
spNO.171,m,8,12,55,14,VII,anger,6,0,spNO.171/m/color/12.jpg,spNO.171/m/color/8.jpg,spNO.171/m/color/55.jpg
spNO.171,m,677,685,723,1,V,anger,6,0,spNO.171/m/color/685.jpg,spNO.171/m/color/677.jpg,spNO.171/m/color/723.jpg
spNO.171,m,1865,1872,1888,4,III,disgust,4,0,spNO.171/m/color/1872.jpg,spNO.171/m/color/1865.jpg,spNO.171/m/color/1888.jpg
spNO.171,m,2213,2221,2256,L14,VII,anger,6,0,spNO.171/m/color/2221.jpg,spNO.171/m/color/2213.jpg,spNO.171/m/color/2256.jpg
spNO.171,m,2469,2474,2485,4,III,disgust,4,0,spNO.171/m/color/2474.jpg,spNO.171/m/color/2469.jpg,spNO.171/m/color/2485.jpg
spNO.172,b,938,945,978,12,I,disgust,4,0,spNO.172/b/color/945.jpg,spNO.172/b/color/938.jpg,spNO.172/b/color/978.jpg
spNO.172,f,293,301,319,14,VII,fear,5,0,spNO.172/f/color/301.jpg,spNO.172/f/color/293.jpg,spNO.172/f/color/319.jpg
spNO.172,f,1933,1935,1941,R12,I,fear,5,0,spNO.172/f/color/1935.jpg,spNO.172/f/color/1933.jpg,spNO.172/f/color/1941.jpg
spNO.172,h,206,214,219,R10,IV,anger,6,0,spNO.172/h/color/214.jpg,spNO.172/h/color/206.jpg,spNO.172/h/color/219.jpg
spNO.172,h,840,847,862,L14,VII,sad,3,0,spNO.172/h/color/847.jpg,spNO.172/h/color/840.jpg,spNO.172/h/color/862.jpg
spNO.172,i,538,543,566,2+1,II,surprise,2,2,spNO.172/i/color/543.jpg,spNO.172/i/color/538.jpg,spNO.172/i/color/566.jpg
spNO.172,k,89,96,108,14,VII,happy,1,1,spNO.172/k/color/96.jpg,spNO.172/k/color/89.jpg,spNO.172/k/color/108.jpg
spNO.172,k,1877,1882,1891,18,VII,happy,1,1,spNO.172/k/color/1882.jpg,spNO.172/k/color/1877.jpg,spNO.172/k/color/1891.jpg
spNO.172,k,1898,1903,1908,R10,IV,disgust,4,0,spNO.172/k/color/1903.jpg,spNO.172/k/color/1898.jpg,spNO.172/k/color/1908.jpg
spNO.172,l,1617,1623,1631,4,III,disgust,4,0,spNO.172/l/color/1623.jpg,spNO.172/l/color/1617.jpg,spNO.172/l/color/1631.jpg
spNO.174,e,442,450,469,10+4,VII,disgust,4,0,spNO.174/e/color/450.jpg,spNO.174/e/color/442.jpg,spNO.174/e/color/469.jpg
spNO.174,j,205,212,221,14,VII,happy,1,1,spNO.174/j/color/212.jpg,spNO.174/j/color/205.jpg,spNO.174/j/color/221.jpg
spNO.174,k,12,14,35,14,VII,happy,1,1,spNO.174/k/color/14.jpg,spNO.174/k/color/12.jpg,spNO.174/k/color/35.jpg
spNO.174,m,7,8,45,14,VII,anger,6,0,spNO.174/m/color/8.jpg,spNO.174/m/color/7.jpg,spNO.174/m/color/45.jpg
spNO.175,b,62,65,70,L2+L1,II,disgust,4,0,spNO.175/b/color/65.jpg,spNO.175/b/color/62.jpg,spNO.175/b/color/70.jpg
spNO.175,d,2730,2736,2753,5,II,fear,5,0,spNO.175/d/color/2736.jpg,spNO.175/d/color/2730.jpg,spNO.175/d/color/2753.jpg
spNO.175,f,7,7,42,14,VII,fear,5,0,spNO.175/f/color/7.jpg,spNO.175/f/color/7.jpg,spNO.175/f/color/42.jpg
spNO.175,g,329,335,355,2+1+7,VII,disgust,4,0,spNO.175/g/color/335.jpg,spNO.175/g/color/329.jpg,spNO.175/g/color/355.jpg
spNO.175,k,2169,2177,2186,4,III,disgust,4,0,spNO.175/k/color/2177.jpg,spNO.175/k/color/2169.jpg,spNO.175/k/color/2186.jpg
spNO.176,l,7,14,45,14,VII,anger,6,0,spNO.176/l/color/14.jpg,spNO.176/l/color/7.jpg,spNO.176/l/color/45.jpg
spNO.177,d,4170,4180,4183,5,II,surprise,2,2,spNO.177/d/color/4180.jpg,spNO.177/d/color/4170.jpg,spNO.177/d/color/4183.jpg
spNO.177,k,1333,1341,1369,10,IV,happy,1,1,spNO.177/k/color/1341.jpg,spNO.177/k/color/1333.jpg,spNO.177/k/color/1369.jpg
spNO.178,j,1184,1188,1192,24,VII,happy,1,1,spNO.178/j/color/1188.jpg,spNO.178/j/color/1184.jpg,spNO.178/j/color/1192.jpg
spNO.178,m,33,40,48,4,III,disgust,4,0,spNO.178/m/color/40.jpg,spNO.178/m/color/33.jpg,spNO.178/m/color/48.jpg
spNO.179,b,7,7,57,1,V,disgust,4,0,spNO.179/b/color/7.jpg,spNO.179/b/color/7.jpg,spNO.179/b/color/57.jpg
spNO.179,k,1407,1415,1438,4,III,disgust,4,0,spNO.179/k/color/1415.jpg,spNO.179/k/color/1407.jpg,spNO.179/k/color/1438.jpg
spNO.179,k,1493,1499,1525,2+1,II,surprise,2,2,spNO.179/k/color/1499.jpg,spNO.179/k/color/1493.jpg,spNO.179/k/color/1525.jpg
spNO.179,l,1071,1077,1093,R2+R1,II,sad,3,0,spNO.179/l/color/1077.jpg,spNO.179/l/color/1071.jpg,spNO.179/l/color/1093.jpg
spNO.179,m,1264,1269,1292,4,III,disgust,4,0,spNO.179/m/color/1269.jpg,spNO.179/m/color/1264.jpg,spNO.179/m/color/1292.jpg
spNO.180,b,78,84,94,4,III,disgust,4,0,spNO.180/b/color/84.jpg,spNO.180/b/color/78.jpg,spNO.180/b/color/94.jpg
spNO.180,h,1794,1802,1843,2+1,II,surprise,2,2,spNO.180/h/color/1802.jpg,spNO.180/h/color/1794.jpg,spNO.180/h/color/1843.jpg
spNO.180,j,423,428,448,R2+R1,II,surprise,2,2,spNO.180/j/color/428.jpg,spNO.180/j/color/423.jpg,spNO.180/j/color/448.jpg
spNO.180,j,1670,1676,1686,2+1,II,surprise,2,2,spNO.180/j/color/1676.jpg,spNO.180/j/color/1670.jpg,spNO.180/j/color/1686.jpg
spNO.181,c,1467,1470,1476,5,II,surprise,2,2,spNO.181/c/color/1470.jpg,spNO.181/c/color/1467.jpg,spNO.181/c/color/1476.jpg
spNO.181,d,22,30,36,R2,VII,fear,5,0,spNO.181/d/color/30.jpg,spNO.181/d/color/22.jpg,spNO.181/d/color/36.jpg
spNO.181,d,1023,1030,1097,2+1,II,fear,5,0,spNO.181/d/color/1030.jpg,spNO.181/d/color/1023.jpg,spNO.181/d/color/1097.jpg
spNO.181,d,2376,2383,2390,5,II,fear,5,0,spNO.181/d/color/2383.jpg,spNO.181/d/color/2376.jpg,spNO.181/d/color/2390.jpg
spNO.181,d,3290,3298,3304,5,II,surprise,2,2,spNO.181/d/color/3298.jpg,spNO.181/d/color/3290.jpg,spNO.181/d/color/3304.jpg
spNO.181,e,1655,1662,1720,2+1,II,surprise,2,2,spNO.181/e/color/1662.jpg,spNO.181/e/color/1655.jpg,spNO.181/e/color/1720.jpg
spNO.181,g,958,966,1020,4,III,disgust,4,0,spNO.181/g/color/966.jpg,spNO.181/g/color/958.jpg,spNO.181/g/color/1020.jpg
spNO.181,g,1964,1967,1988,4,III,disgust,4,0,spNO.181/g/color/1967.jpg,spNO.181/g/color/1964.jpg,spNO.181/g/color/1988.jpg
spNO.181,i,3276,3281,3335,2+1,II,surprise,2,2,spNO.181/i/color/3281.jpg,spNO.181/i/color/3276.jpg,spNO.181/i/color/3335.jpg
spNO.181,j,24,32,42,4,III,disgust,4,0,spNO.181/j/color/32.jpg,spNO.181/j/color/24.jpg,spNO.181/j/color/42.jpg
spNO.181,j,258,262,278,R2,VII,surprise,2,2,spNO.181/j/color/262.jpg,spNO.181/j/color/258.jpg,spNO.181/j/color/278.jpg
spNO.181,j,1568,1574,1595,R2,VII,surprise,2,2,spNO.181/j/color/1574.jpg,spNO.181/j/color/1568.jpg,spNO.181/j/color/1595.jpg
spNO.181,k,1288,1296,1313,1,V,surprise,2,2,spNO.181/k/color/1296.jpg,spNO.181/k/color/1288.jpg,spNO.181/k/color/1313.jpg
spNO.181,l,1312,1321,1323,5,II,surprise,2,2,spNO.181/l/color/1321.jpg,spNO.181/l/color/1312.jpg,spNO.181/l/color/1323.jpg
spNO.181,m,34,41,46,4+L2,VII,disgust,4,0,spNO.181/m/color/41.jpg,spNO.181/m/color/34.jpg,spNO.181/m/color/46.jpg
spNO.181,m,423,428,503,2+1,II,surprise,2,2,spNO.181/m/color/428.jpg,spNO.181/m/color/423.jpg,spNO.181/m/color/503.jpg
spNO.181,m,569,577,609,2+1,II,surprise,2,2,spNO.181/m/color/577.jpg,spNO.181/m/color/569.jpg,spNO.181/m/color/609.jpg
spNO.181,m,876,882,928,2+1,II,surprise,2,2,spNO.181/m/color/882.jpg,spNO.181/m/color/876.jpg,spNO.181/m/color/928.jpg
spNO.181,m,1322,1326,1438,4,III,disgust,4,0,spNO.181/m/color/1326.jpg,spNO.181/m/color/1322.jpg,spNO.181/m/color/1438.jpg
spNO.182,a,742,749,769,1,V,surprise,2,2,spNO.182/a/color/749.jpg,spNO.182/a/color/742.jpg,spNO.182/a/color/769.jpg
spNO.182,g,88,96,127,1,V,sad,3,0,spNO.182/g/color/96.jpg,spNO.182/g/color/88.jpg,spNO.182/g/color/127.jpg
spNO.183,j,416,421,438,24,VII,happy,1,1,spNO.183/j/color/421.jpg,spNO.183/j/color/416.jpg,spNO.183/j/color/438.jpg
spNO.183,m,133,137,148,1,V,anger,6,0,spNO.183/m/color/137.jpg,spNO.183/m/color/133.jpg,spNO.183/m/color/148.jpg
spNO.184,c,682,690,698,4,III,disgust,4,0,spNO.184/c/color/690.jpg,spNO.184/c/color/682.jpg,spNO.184/c/color/698.jpg
spNO.184,c,1296,1300,1318,4,III,disgust,4,0,spNO.184/c/color/1300.jpg,spNO.184/c/color/1296.jpg,spNO.184/c/color/1318.jpg
spNO.184,h,1742,1748,1755,4,III,disgust,4,0,spNO.184/h/color/1748.jpg,spNO.184/h/color/1742.jpg,spNO.184/h/color/1755.jpg
spNO.184,h,3411,3414,3417,4,III,disgust,4,0,spNO.184/h/color/3414.jpg,spNO.184/h/color/3411.jpg,spNO.184/h/color/3417.jpg
spNO.184,h,3418,3424,3428,4,III,disgust,4,0,spNO.184/h/color/3424.jpg,spNO.184/h/color/3418.jpg,spNO.184/h/color/3428.jpg
spNO.184,j,227,234,241,4,III,disgust,4,0,spNO.184/j/color/234.jpg,spNO.184/j/color/227.jpg,spNO.184/j/color/241.jpg
spNO.184,j,1324,1330,1343,4,III,disgust,4,0,spNO.184/j/color/1330.jpg,spNO.184/j/color/1324.jpg,spNO.184/j/color/1343.jpg
spNO.184,j,1374,1380,1387,4,III,disgust,4,0,spNO.184/j/color/1380.jpg,spNO.184/j/color/1374.jpg,spNO.184/j/color/1387.jpg
spNO.184,j,1397,1403,1428,4,III,disgust,4,0,spNO.184/j/color/1403.jpg,spNO.184/j/color/1397.jpg,spNO.184/j/color/1428.jpg
spNO.184,j,1917,1925,1976,4,III,disgust,4,0,spNO.184/j/color/1925.jpg,spNO.184/j/color/1917.jpg,spNO.184/j/color/1976.jpg
spNO.184,k,149,154,161,4,III,disgust,4,0,spNO.184/k/color/154.jpg,spNO.184/k/color/149.jpg,spNO.184/k/color/161.jpg
spNO.184,k,1421,1427,1437,4,III,disgust,4,0,spNO.184/k/color/1427.jpg,spNO.184/k/color/1421.jpg,spNO.184/k/color/1437.jpg
spNO.186,c,337,343,352,22,VII,surprise,2,2,spNO.186/c/color/343.jpg,spNO.186/c/color/337.jpg,spNO.186/c/color/352.jpg
spNO.186,c,359,365,473,14,VII,disgust,4,0,spNO.186/c/color/365.jpg,spNO.186/c/color/359.jpg,spNO.186/c/color/473.jpg
spNO.187,d,1802,1808,1852,4,III,fear,5,0,spNO.187/d/color/1808.jpg,spNO.187/d/color/1802.jpg,spNO.187/d/color/1852.jpg
spNO.187,i,3994,3998,4015,4,III,disgust,4,0,spNO.187/i/color/3998.jpg,spNO.187/i/color/3994.jpg,spNO.187/i/color/4015.jpg
spNO.187,l,3437,3444,3484,B28,VII,sad,3,0,spNO.187/l/color/3444.jpg,spNO.187/l/color/3437.jpg,spNO.187/l/color/3484.jpg
spNO.188,c,309,317,333,2+1,II,surprise,2,2,spNO.188/c/color/317.jpg,spNO.188/c/color/309.jpg,spNO.188/c/color/333.jpg
spNO.188,e,8,8,39,2+1,II,surprise,2,2,spNO.188/e/color/8.jpg,spNO.188/e/color/8.jpg,spNO.188/e/color/39.jpg
spNO.188,m,1052,1057,1076,4,III,disgust,4,0,spNO.188/m/color/1057.jpg,spNO.188/m/color/1052.jpg,spNO.188/m/color/1076.jpg
spNO.189,a,467,471,474,6+9+4,VII,disgust,4,0,spNO.189/a/color/471.jpg,spNO.189/a/color/467.jpg,spNO.189/a/color/474.jpg
spNO.189,d,101,104,107,9+4,IV,fear,5,0,spNO.189/d/color/104.jpg,spNO.189/d/color/101.jpg,spNO.189/d/color/107.jpg
spNO.189,d,122,127,130,9,IV,fear,5,0,spNO.189/d/color/127.jpg,spNO.189/d/color/122.jpg,spNO.189/d/color/130.jpg
spNO.189,e,148,153,156,6+9+4,VII,disgust,4,0,spNO.189/e/color/153.jpg,spNO.189/e/color/148.jpg,spNO.189/e/color/156.jpg
spNO.189,e,1194,1202,1239,14+9+4,VII,disgust,4,0,spNO.189/e/color/1202.jpg,spNO.189/e/color/1194.jpg,spNO.189/e/color/1239.jpg
spNO.189,e,2095,2101,2105,9+4,IV,disgust,4,0,spNO.189/e/color/2101.jpg,spNO.189/e/color/2095.jpg,spNO.189/e/color/2105.jpg
spNO.189,e,2301,2308,2323,9+14,VII,disgust,4,0,spNO.189/e/color/2308.jpg,spNO.189/e/color/2301.jpg,spNO.189/e/color/2323.jpg
spNO.189,e,2334,2341,2365,14,VII,disgust,4,0,spNO.189/e/color/2341.jpg,spNO.189/e/color/2334.jpg,spNO.189/e/color/2365.jpg
spNO.189,f,144,150,208,9+4+14,VII,fear,5,0,spNO.189/f/color/150.jpg,spNO.189/f/color/144.jpg,spNO.189/f/color/208.jpg
spNO.189,f,679,685,695,14+9,VII,fear,5,0,spNO.189/f/color/685.jpg,spNO.189/f/color/679.jpg,spNO.189/f/color/695.jpg
spNO.189,f,1387,1390,1394,9+4,IV,fear,5,0,spNO.189/f/color/1390.jpg,spNO.189/f/color/1387.jpg,spNO.189/f/color/1394.jpg
spNO.189,f,1395,1403,1423,14,VII,fear,5,0,spNO.189/f/color/1403.jpg,spNO.189/f/color/1395.jpg,spNO.189/f/color/1423.jpg
spNO.189,g,40,44,48,9+4,IV,disgust,4,0,spNO.189/g/color/44.jpg,spNO.189/g/color/40.jpg,spNO.189/g/color/48.jpg
spNO.189,g,50,55,59,9+4,IV,disgust,4,0,spNO.189/g/color/55.jpg,spNO.189/g/color/50.jpg,spNO.189/g/color/59.jpg
spNO.189,g,367,372,376,9+4,IV,disgust,4,0,spNO.189/g/color/372.jpg,spNO.189/g/color/367.jpg,spNO.189/g/color/376.jpg
spNO.189,g,911,915,920,9+4,IV,disgust,4,0,spNO.189/g/color/915.jpg,spNO.189/g/color/911.jpg,spNO.189/g/color/920.jpg
spNO.189,g,990,996,1003,9+10,VII,disgust,4,0,spNO.189/g/color/996.jpg,spNO.189/g/color/990.jpg,spNO.189/g/color/1003.jpg
spNO.189,g,1719,1727,1779,4,III,disgust,4,0,spNO.189/g/color/1727.jpg,spNO.189/g/color/1719.jpg,spNO.189/g/color/1779.jpg
spNO.189,g,1812,1819,1843,2+1,II,disgust,4,0,spNO.189/g/color/1819.jpg,spNO.189/g/color/1812.jpg,spNO.189/g/color/1843.jpg
spNO.189,g,2043,2048,2062,4,III,disgust,4,0,spNO.189/g/color/2048.jpg,spNO.189/g/color/2043.jpg,spNO.189/g/color/2062.jpg
spNO.189,h,37,44,66,9,IV,disgust,4,0,spNO.189/h/color/44.jpg,spNO.189/h/color/37.jpg,spNO.189/h/color/66.jpg
spNO.189,h,77,85,95,T18,VII,disgust,4,0,spNO.189/h/color/85.jpg,spNO.189/h/color/77.jpg,spNO.189/h/color/95.jpg
spNO.189,h,610,617,643,14,VII,disgust,4,0,spNO.189/h/color/617.jpg,spNO.189/h/color/610.jpg,spNO.189/h/color/643.jpg
spNO.189,h,644,647,659,9,IV,disgust,4,0,spNO.189/h/color/647.jpg,spNO.189/h/color/644.jpg,spNO.189/h/color/659.jpg
spNO.189,h,1196,1204,1222,9,IV,disgust,4,0,spNO.189/h/color/1204.jpg,spNO.189/h/color/1196.jpg,spNO.189/h/color/1222.jpg
spNO.189,h,2046,2048,2053,9,IV,disgust,4,0,spNO.189/h/color/2048.jpg,spNO.189/h/color/2046.jpg,spNO.189/h/color/2053.jpg
spNO.189,h,2441,2444,2448,9,IV,disgust,4,0,spNO.189/h/color/2444.jpg,spNO.189/h/color/2441.jpg,spNO.189/h/color/2448.jpg
spNO.189,h,3309,3317,3339,T18,VII,disgust,4,0,spNO.189/h/color/3317.jpg,spNO.189/h/color/3309.jpg,spNO.189/h/color/3339.jpg
spNO.189,i,5,5,16,14+9+4,VII,anger,6,0,spNO.189/i/color/5.jpg,spNO.189/i/color/5.jpg,spNO.189/i/color/16.jpg
spNO.189,i,111,116,120,9+4,IV,disgust,4,0,spNO.189/i/color/116.jpg,spNO.189/i/color/111.jpg,spNO.189/i/color/120.jpg
spNO.189,i,173,181,185,9+4,IV,disgust,4,0,spNO.189/i/color/181.jpg,spNO.189/i/color/173.jpg,spNO.189/i/color/185.jpg
spNO.189,i,271,275,280,9+4,IV,disgust,4,0,spNO.189/i/color/275.jpg,spNO.189/i/color/271.jpg,spNO.189/i/color/280.jpg
spNO.189,i,441,449,459,L14,VII,anger,6,0,spNO.189/i/color/449.jpg,spNO.189/i/color/441.jpg,spNO.189/i/color/459.jpg
spNO.189,i,461,467,532,14,VII,anger,6,0,spNO.189/i/color/467.jpg,spNO.189/i/color/461.jpg,spNO.189/i/color/532.jpg
spNO.189,j,32,35,38,9,IV,disgust,4,0,spNO.189/j/color/35.jpg,spNO.189/j/color/32.jpg,spNO.189/j/color/38.jpg
spNO.189,j,56,62,65,9,IV,happy,1,1,spNO.189/j/color/62.jpg,spNO.189/j/color/56.jpg,spNO.189/j/color/65.jpg
spNO.189,j,166,168,171,9,IV,happy,1,1,spNO.189/j/color/168.jpg,spNO.189/j/color/166.jpg,spNO.189/j/color/171.jpg
spNO.189,k,25,31,35,9,IV,disgust,4,0,spNO.189/k/color/31.jpg,spNO.189/k/color/25.jpg,spNO.189/k/color/35.jpg
spNO.189,k,287,293,297,9+4,IV,disgust,4,0,spNO.189/k/color/293.jpg,spNO.189/k/color/287.jpg,spNO.189/k/color/297.jpg
spNO.189,l,218,221,225,9,IV,disgust,4,0,spNO.189/l/color/221.jpg,spNO.189/l/color/218.jpg,spNO.189/l/color/225.jpg
spNO.189,l,233,240,250,15,V,disgust,4,0,spNO.189/l/color/240.jpg,spNO.189/l/color/233.jpg,spNO.189/l/color/250.jpg
spNO.189,l,1422,1427,1463,14+9,VII,disgust,4,0,spNO.189/l/color/1427.jpg,spNO.189/l/color/1422.jpg,spNO.189/l/color/1463.jpg
spNO.189,l,2593,2600,2604,2+1,II,disgust,4,0,spNO.189/l/color/2600.jpg,spNO.189/l/color/2593.jpg,spNO.189/l/color/2604.jpg
spNO.189,m,87,91,94,9+4,IV,disgust,4,0,spNO.189/m/color/91.jpg,spNO.189/m/color/87.jpg,spNO.189/m/color/94.jpg
spNO.189,m,94,103,107,9+4,IV,disgust,4,0,spNO.189/m/color/103.jpg,spNO.189/m/color/94.jpg,spNO.189/m/color/107.jpg
spNO.189,m,134,137,149,9+4,IV,disgust,4,0,spNO.189/m/color/137.jpg,spNO.189/m/color/134.jpg,spNO.189/m/color/149.jpg
spNO.189,m,270,274,340,14+9+4,VII,anger,6,0,spNO.189/m/color/274.jpg,spNO.189/m/color/270.jpg,spNO.189/m/color/340.jpg
spNO.189,m,387,391,394,4,III,disgust,4,0,spNO.189/m/color/391.jpg,spNO.189/m/color/387.jpg,spNO.189/m/color/394.jpg
spNO.189,m,551,559,617,9+4+14,VII,anger,6,0,spNO.189/m/color/559.jpg,spNO.189/m/color/551.jpg,spNO.189/m/color/617.jpg
spNO.189,m,770,776,830,9+4+14,VII,anger,6,0,spNO.189/m/color/776.jpg,spNO.189/m/color/770.jpg,spNO.189/m/color/830.jpg
spNO.189,m,780,784,788,9+4,IV,disgust,4,0,spNO.189/m/color/784.jpg,spNO.189/m/color/780.jpg,spNO.189/m/color/788.jpg
spNO.190,e,2271,2276,2294,5,II,surprise,2,2,spNO.190/e/color/2276.jpg,spNO.190/e/color/2271.jpg,spNO.190/e/color/2294.jpg
spNO.190,k,2187,2195,2203,38,VII,happy,1,1,spNO.190/k/color/2195.jpg,spNO.190/k/color/2187.jpg,spNO.190/k/color/2203.jpg
spNO.190,m,8,8,737,1,V,anger,6,0,spNO.190/m/color/8.jpg,spNO.190/m/color/8.jpg,spNO.190/m/color/737.jpg
spNO.192,b,889,897,975,4,III,disgust,4,0,spNO.192/b/color/897.jpg,spNO.192/b/color/889.jpg,spNO.192/b/color/975.jpg
spNO.192,d,1291,1299,1352,1,V,fear,5,0,spNO.192/d/color/1299.jpg,spNO.192/d/color/1291.jpg,spNO.192/d/color/1352.jpg
spNO.192,d,4736,4744,4793,1,V,fear,5,0,spNO.192/d/color/4744.jpg,spNO.192/d/color/4736.jpg,spNO.192/d/color/4793.jpg
spNO.193,a,8,8,130,14,VII,disgust,4,0,spNO.193/a/color/8.jpg,spNO.193/a/color/8.jpg,spNO.193/a/color/130.jpg
spNO.193,a,583,587,592,4,III,disgust,4,0,spNO.193/a/color/587.jpg,spNO.193/a/color/583.jpg,spNO.193/a/color/592.jpg
spNO.193,e,92,93,98,4,III,fear,5,0,spNO.193/e/color/93.jpg,spNO.193/e/color/92.jpg,spNO.193/e/color/98.jpg
spNO.193,e,110,113,117,4,III,fear,5,0,spNO.193/e/color/113.jpg,spNO.193/e/color/110.jpg,spNO.193/e/color/117.jpg
spNO.193,e,183,187,191,4,III,fear,5,0,spNO.193/e/color/187.jpg,spNO.193/e/color/183.jpg,spNO.193/e/color/191.jpg
spNO.193,e,193,196,199,4,III,fear,5,0,spNO.193/e/color/196.jpg,spNO.193/e/color/193.jpg,spNO.193/e/color/199.jpg
spNO.193,h,16,19,21,4,III,sad,3,0,spNO.193/h/color/19.jpg,spNO.193/h/color/16.jpg,spNO.193/h/color/21.jpg
spNO.193,m,23,26,31,4,III,disgust,4,0,spNO.193/m/color/26.jpg,spNO.193/m/color/23.jpg,spNO.193/m/color/31.jpg
spNO.194,c,2209,2216,2228,2+1,II,surprise,2,2,spNO.194/c/color/2216.jpg,spNO.194/c/color/2209.jpg,spNO.194/c/color/2228.jpg
spNO.194,d,1888,1894,1903,4,III,disgust,4,0,spNO.194/d/color/1894.jpg,spNO.194/d/color/1888.jpg,spNO.194/d/color/1903.jpg
spNO.194,g,288,295,303,17,VII,sad,3,0,spNO.194/g/color/295.jpg,spNO.194/g/color/288.jpg,spNO.194/g/color/303.jpg
spNO.194,h,1427,1433,1444,2+1,II,surprise,2,2,spNO.194/h/color/1433.jpg,spNO.194/h/color/1427.jpg,spNO.194/h/color/1444.jpg
spNO.194,i,245,253,268,2+1,II,surprise,2,2,spNO.194/i/color/253.jpg,spNO.194/i/color/245.jpg,spNO.194/i/color/268.jpg
spNO.194,k,430,438,495,7,VII,disgust,4,0,spNO.194/k/color/438.jpg,spNO.194/k/color/430.jpg,spNO.194/k/color/495.jpg
spNO.194,m,125,132,151,2+1,II,surprise,2,2,spNO.194/m/color/132.jpg,spNO.194/m/color/125.jpg,spNO.194/m/color/151.jpg
spNO.194,m,382,389,410,2+1,II,surprise,2,2,spNO.194/m/color/389.jpg,spNO.194/m/color/382.jpg,spNO.194/m/color/410.jpg
spNO.194,m,862,869,880,2+1,II,surprise,2,2,spNO.194/m/color/869.jpg,spNO.194/m/color/862.jpg,spNO.194/m/color/880.jpg
spNO.194,m,1920,1927,1946,17+14,VII,anger,6,0,spNO.194/m/color/1927.jpg,spNO.194/m/color/1920.jpg,spNO.194/m/color/1946.jpg
spNO.195,a,8,8,39,14,VII,surprise,2,2,spNO.195/a/color/8.jpg,spNO.195/a/color/8.jpg,spNO.195/a/color/39.jpg
spNO.195,i,2844,2851,2886,14,VII,anger,6,0,spNO.195/i/color/2851.jpg,spNO.195/i/color/2844.jpg,spNO.195/i/color/2886.jpg
spNO.195,j,1109,1116,1141,24,VII,happy,1,1,spNO.195/j/color/1116.jpg,spNO.195/j/color/1109.jpg,spNO.195/j/color/1141.jpg
spNO.195,k,7,7,242,14,VII,happy,1,1,spNO.195/k/color/7.jpg,spNO.195/k/color/7.jpg,spNO.195/k/color/242.jpg
spNO.195,k,1377,1383,1398,24,VII,happy,1,1,spNO.195/k/color/1383.jpg,spNO.195/k/color/1377.jpg,spNO.195/k/color/1398.jpg
spNO.196,i,389,393,402,4,III,disgust,4,0,spNO.196/i/color/393.jpg,spNO.196/i/color/389.jpg,spNO.196/i/color/402.jpg
spNO.196,i,643,647,662,4,III,disgust,4,0,spNO.196/i/color/647.jpg,spNO.196/i/color/643.jpg,spNO.196/i/color/662.jpg
spNO.197,a,881,888,899,4,III,disgust,4,0,spNO.197/a/color/888.jpg,spNO.197/a/color/881.jpg,spNO.197/a/color/899.jpg
spNO.197,d,1686,1692,1745,2+1,II,fear,5,0,spNO.197/d/color/1692.jpg,spNO.197/d/color/1686.jpg,spNO.197/d/color/1745.jpg
spNO.197,h,1813,1820,1830,2+1,II,surprise,2,2,spNO.197/h/color/1820.jpg,spNO.197/h/color/1813.jpg,spNO.197/h/color/1830.jpg
spNO.197,i,1305,1310,1322,5,II,surprise,2,2,spNO.197/i/color/1310.jpg,spNO.197/i/color/1305.jpg,spNO.197/i/color/1322.jpg
spNO.197,i,1809,1813,1821,5,II,surprise,2,2,spNO.197/i/color/1813.jpg,spNO.197/i/color/1809.jpg,spNO.197/i/color/1821.jpg
spNO.197,k,543,548,566,24,VII,happy,1,1,spNO.197/k/color/548.jpg,spNO.197/k/color/543.jpg,spNO.197/k/color/566.jpg
spNO.197,k,1146,1154,1182,24,VII,happy,1,1,spNO.197/k/color/1154.jpg,spNO.197/k/color/1146.jpg,spNO.197/k/color/1182.jpg
spNO.197,k,1950,1956,1968,24,VII,happy,1,1,spNO.197/k/color/1956.jpg,spNO.197/k/color/1950.jpg,spNO.197/k/color/1968.jpg
spNO.197,l,662,669,674,5,II,surprise,2,2,spNO.197/l/color/669.jpg,spNO.197/l/color/662.jpg,spNO.197/l/color/674.jpg
spNO.197,l,933,942,948,5,II,surprise,2,2,spNO.197/l/color/942.jpg,spNO.197/l/color/933.jpg,spNO.197/l/color/948.jpg
spNO.197,l,1995,1998,2004,5,II,surprise,2,2,spNO.197/l/color/1998.jpg,spNO.197/l/color/1995.jpg,spNO.197/l/color/2004.jpg
spNO.197,l,3551,3554,3567,5,II,surprise,2,2,spNO.197/l/color/3554.jpg,spNO.197/l/color/3551.jpg,spNO.197/l/color/3567.jpg
spNO.197,m,324,331,343,5,II,surprise,2,2,spNO.197/m/color/331.jpg,spNO.197/m/color/324.jpg,spNO.197/m/color/343.jpg
spNO.197,m,431,437,460,4,III,disgust,4,0,spNO.197/m/color/437.jpg,spNO.197/m/color/431.jpg,spNO.197/m/color/460.jpg
spNO.2,a,237,241,258,5,II,surprise,2,2,spNO.2/a/color/241.jpg,spNO.2/a/color/237.jpg,spNO.2/a/color/258.jpg
spNO.2,c,615,620,656,4,III,fear,5,0,spNO.2/c/color/620.jpg,spNO.2/c/color/615.jpg,spNO.2/c/color/656.jpg
spNO.2,c,2793,2797,2810,4,III,fear,5,0,spNO.2/c/color/2797.jpg,spNO.2/c/color/2793.jpg,spNO.2/c/color/2810.jpg
spNO.2,d,1101,1107,1129,38,VII,fear,5,0,spNO.2/d/color/1107.jpg,spNO.2/d/color/1101.jpg,spNO.2/d/color/1129.jpg
spNO.2,e,138,143,148,1,V,surprise,2,2,spNO.2/e/color/143.jpg,spNO.2/e/color/138.jpg,spNO.2/e/color/148.jpg
spNO.2,g,4,4,74,14,VII,happy,1,1,spNO.2/g/color/4.jpg,spNO.2/g/color/4.jpg,spNO.2/g/color/74.jpg
spNO.2,j,7,7,408,38,VII,happy,1,1,spNO.2/j/color/7.jpg,spNO.2/j/color/7.jpg,spNO.2/j/color/408.jpg
spNO.2,k,185,191,200,L2+L1,II,surprise,2,2,spNO.2/k/color/191.jpg,spNO.2/k/color/185.jpg,spNO.2/k/color/200.jpg
spNO.200,b,226,233,255,2+1,II,surprise,2,2,spNO.200/b/color/233.jpg,spNO.200/b/color/226.jpg,spNO.200/b/color/255.jpg
spNO.200,b,518,524,533,9,IV,fear,5,0,spNO.200/b/color/524.jpg,spNO.200/b/color/518.jpg,spNO.200/b/color/533.jpg
spNO.200,g,1942,1947,1961,7,VII,anger,6,0,spNO.200/g/color/1947.jpg,spNO.200/g/color/1942.jpg,spNO.200/g/color/1961.jpg
spNO.200,k,387,395,414,17,VII,happy,1,1,spNO.200/k/color/395.jpg,spNO.200/k/color/387.jpg,spNO.200/k/color/414.jpg
spNO.200,m,101,109,150,2+1+14,VII,anger,6,0,spNO.200/m/color/109.jpg,spNO.200/m/color/101.jpg,spNO.200/m/color/150.jpg
spNO.201,c,7,7,23,2+1+5,VII,surprise,2,2,spNO.201/c/color/7.jpg,spNO.201/c/color/7.jpg,spNO.201/c/color/23.jpg
spNO.201,c,1698,1703,1722,2+1,II,surprise,2,2,spNO.201/c/color/1703.jpg,spNO.201/c/color/1698.jpg,spNO.201/c/color/1722.jpg
spNO.201,e,596,601,607,2+1,II,surprise,2,2,spNO.201/e/color/601.jpg,spNO.201/e/color/596.jpg,spNO.201/e/color/607.jpg
spNO.201,e,1900,1905,1911,2+1,II,surprise,2,2,spNO.201/e/color/1905.jpg,spNO.201/e/color/1900.jpg,spNO.201/e/color/1911.jpg
spNO.201,g,165,170,175,2+1,II,surprise,2,2,spNO.201/g/color/170.jpg,spNO.201/g/color/165.jpg,spNO.201/g/color/175.jpg
spNO.201,j,1759,1767,1778,4,III,happy,1,1,spNO.201/j/color/1767.jpg,spNO.201/j/color/1759.jpg,spNO.201/j/color/1778.jpg
spNO.201,m,360,364,369,2+1,II,surprise,2,2,spNO.201/m/color/364.jpg,spNO.201/m/color/360.jpg,spNO.201/m/color/369.jpg
spNO.201,m,381,388,397,2+1,II,surprise,2,2,spNO.201/m/color/388.jpg,spNO.201/m/color/381.jpg,spNO.201/m/color/397.jpg
spNO.201,m,1174,1178,1205,4,III,disgust,4,0,spNO.201/m/color/1178.jpg,spNO.201/m/color/1174.jpg,spNO.201/m/color/1205.jpg
spNO.202,b,65,71,79,16,VII,surprise,2,2,spNO.202/b/color/71.jpg,spNO.202/b/color/65.jpg,spNO.202/b/color/79.jpg
spNO.202,f,7,7,45,14,VII,fear,5,0,spNO.202/f/color/7.jpg,spNO.202/f/color/7.jpg,spNO.202/f/color/45.jpg
spNO.202,f,45,52,60,16,VII,surprise,2,2,spNO.202/f/color/52.jpg,spNO.202/f/color/45.jpg,spNO.202/f/color/60.jpg
spNO.202,g,393,396,401,4,III,disgust,4,0,spNO.202/g/color/396.jpg,spNO.202/g/color/393.jpg,spNO.202/g/color/401.jpg
spNO.202,j,78,86,111,14,VII,happy,1,1,spNO.202/j/color/86.jpg,spNO.202/j/color/78.jpg,spNO.202/j/color/111.jpg
spNO.202,j,570,577,611,14,VII,happy,1,1,spNO.202/j/color/577.jpg,spNO.202/j/color/570.jpg,spNO.202/j/color/611.jpg
spNO.202,l,3267,3271,3283,16,VII,surprise,2,2,spNO.202/l/color/3271.jpg,spNO.202/l/color/3267.jpg,spNO.202/l/color/3283.jpg
spNO.202,m,1,1,70,14,VII,anger,6,0,spNO.202/m/color/1.jpg,spNO.202/m/color/1.jpg,spNO.202/m/color/70.jpg
spNO.202,m,204,212,303,14,VII,anger,6,0,spNO.202/m/color/212.jpg,spNO.202/m/color/204.jpg,spNO.202/m/color/303.jpg
spNO.203,d,7,7,195,14,VII,fear,5,0,spNO.203/d/color/7.jpg,spNO.203/d/color/7.jpg,spNO.203/d/color/195.jpg
spNO.203,d,2067,2074,2120,2+1,II,surprise,2,2,spNO.203/d/color/2074.jpg,spNO.203/d/color/2067.jpg,spNO.203/d/color/2120.jpg
spNO.203,g,111,119,142,14,VII,sad,3,0,spNO.203/g/color/119.jpg,spNO.203/g/color/111.jpg,spNO.203/g/color/142.jpg
spNO.203,h,2161,2169,2196,17,VII,sad,3,0,spNO.203/h/color/2169.jpg,spNO.203/h/color/2161.jpg,spNO.203/h/color/2196.jpg
spNO.203,i,5,5,198,14,VII,anger,6,0,spNO.203/i/color/5.jpg,spNO.203/i/color/5.jpg,spNO.203/i/color/198.jpg
spNO.204,a,513,521,535,5,II,surprise,2,2,spNO.204/a/color/521.jpg,spNO.204/a/color/513.jpg,spNO.204/a/color/535.jpg
spNO.204,a,606,612,635,4,III,disgust,4,0,spNO.204/a/color/612.jpg,spNO.204/a/color/606.jpg,spNO.204/a/color/635.jpg
spNO.204,b,276,284,298,14,VII,disgust,4,0,spNO.204/b/color/284.jpg,spNO.204/b/color/276.jpg,spNO.204/b/color/298.jpg
spNO.204,b,670,678,698,14,VII,disgust,4,0,spNO.204/b/color/678.jpg,spNO.204/b/color/670.jpg,spNO.204/b/color/698.jpg
spNO.204,j,500,503,516,5,II,surprise,2,2,spNO.204/j/color/503.jpg,spNO.204/j/color/500.jpg,spNO.204/j/color/516.jpg
spNO.204,j,697,701,706,5,II,surprise,2,2,spNO.204/j/color/701.jpg,spNO.204/j/color/697.jpg,spNO.204/j/color/706.jpg
spNO.204,k,721,727,777,14,VII,happy,1,1,spNO.204/k/color/727.jpg,spNO.204/k/color/721.jpg,spNO.204/k/color/777.jpg
spNO.204,m,2679,2685,2695,14,VII,anger,6,0,spNO.204/m/color/2685.jpg,spNO.204/m/color/2679.jpg,spNO.204/m/color/2695.jpg
spNO.206,a,117,124,146,1+2,II,surprise,2,2,spNO.206/a/color/124.jpg,spNO.206/a/color/117.jpg,spNO.206/a/color/146.jpg
spNO.206,d,2056,2063,2086,1+2,II,surprise,2,2,spNO.206/d/color/2063.jpg,spNO.206/d/color/2056.jpg,spNO.206/d/color/2086.jpg
spNO.206,e,338,346,358,R1+R2,II,surprise,2,2,spNO.206/e/color/346.jpg,spNO.206/e/color/338.jpg,spNO.206/e/color/358.jpg
spNO.206,e,377,385,393,R2+R1,II,surprise,2,2,spNO.206/e/color/385.jpg,spNO.206/e/color/377.jpg,spNO.206/e/color/393.jpg
spNO.206,e,625,633,642,1+2,II,surprise,2,2,spNO.206/e/color/633.jpg,spNO.206/e/color/625.jpg,spNO.206/e/color/642.jpg
spNO.206,e,1133,1138,1142,5,II,surprise,2,2,spNO.206/e/color/1138.jpg,spNO.206/e/color/1133.jpg,spNO.206/e/color/1142.jpg
spNO.206,f,31,37,46,1+2,II,surprise,2,2,spNO.206/f/color/37.jpg,spNO.206/f/color/31.jpg,spNO.206/f/color/46.jpg
spNO.206,f,117,122,141,1+2+5,VII,surprise,2,2,spNO.206/f/color/122.jpg,spNO.206/f/color/117.jpg,spNO.206/f/color/141.jpg
spNO.206,g,76,83,108,1+2,II,surprise,2,2,spNO.206/g/color/83.jpg,spNO.206/g/color/76.jpg,spNO.206/g/color/108.jpg
spNO.206,g,113,121,138,2+1,II,surprise,2,2,spNO.206/g/color/121.jpg,spNO.206/g/color/113.jpg,spNO.206/g/color/138.jpg
spNO.206,g,368,375,385,R1+R2,II,surprise,2,2,spNO.206/g/color/375.jpg,spNO.206/g/color/368.jpg,spNO.206/g/color/385.jpg
spNO.206,h,35,40,46,R2+R1,II,surprise,2,2,spNO.206/h/color/40.jpg,spNO.206/h/color/35.jpg,spNO.206/h/color/46.jpg
spNO.206,h,75,79,90,R2+R1,II,surprise,2,2,spNO.206/h/color/79.jpg,spNO.206/h/color/75.jpg,spNO.206/h/color/90.jpg
spNO.206,h,95,101,116,R2+R1,II,surprise,2,2,spNO.206/h/color/101.jpg,spNO.206/h/color/95.jpg,spNO.206/h/color/116.jpg
spNO.206,h,336,339,343,1,V,sad,3,0,spNO.206/h/color/339.jpg,spNO.206/h/color/336.jpg,spNO.206/h/color/343.jpg
spNO.206,j,19,25,30,R2,VII,surprise,2,2,spNO.206/j/color/25.jpg,spNO.206/j/color/19.jpg,spNO.206/j/color/30.jpg
spNO.206,k,1588,1594,1601,1,V,surprise,2,2,spNO.206/k/color/1594.jpg,spNO.206/k/color/1588.jpg,spNO.206/k/color/1601.jpg
spNO.206,l,1630,1638,1669,2+1,II,surprise,2,2,spNO.206/l/color/1638.jpg,spNO.206/l/color/1630.jpg,spNO.206/l/color/1669.jpg
spNO.206,l,2601,2608,2613,1,V,sad,3,0,spNO.206/l/color/2608.jpg,spNO.206/l/color/2601.jpg,spNO.206/l/color/2613.jpg
spNO.206,m,277,283,300,1+2,II,surprise,2,2,spNO.206/m/color/283.jpg,spNO.206/m/color/277.jpg,spNO.206/m/color/300.jpg
spNO.207,a,303,308,346,4,III,disgust,4,0,spNO.207/a/color/308.jpg,spNO.207/a/color/303.jpg,spNO.207/a/color/346.jpg
spNO.207,a,667,673,822,4,III,disgust,4,0,spNO.207/a/color/673.jpg,spNO.207/a/color/667.jpg,spNO.207/a/color/822.jpg
spNO.207,b,358,365,389,1+2,II,surprise,2,2,spNO.207/b/color/365.jpg,spNO.207/b/color/358.jpg,spNO.207/b/color/389.jpg
spNO.207,c,366,372,380,4,III,disgust,4,0,spNO.207/c/color/372.jpg,spNO.207/c/color/366.jpg,spNO.207/c/color/380.jpg
spNO.207,c,555,563,586,R14,VII,disgust,4,0,spNO.207/c/color/563.jpg,spNO.207/c/color/555.jpg,spNO.207/c/color/586.jpg
spNO.207,c,3285,3293,3353,4,III,disgust,4,0,spNO.207/c/color/3293.jpg,spNO.207/c/color/3285.jpg,spNO.207/c/color/3353.jpg
spNO.207,e,271,278,296,2+1,II,surprise,2,2,spNO.207/e/color/278.jpg,spNO.207/e/color/271.jpg,spNO.207/e/color/296.jpg
spNO.207,e,404,410,414,4,III,disgust,4,0,spNO.207/e/color/410.jpg,spNO.207/e/color/404.jpg,spNO.207/e/color/414.jpg
spNO.207,h,98,106,127,7,VII,sad,3,0,spNO.207/h/color/106.jpg,spNO.207/h/color/98.jpg,spNO.207/h/color/127.jpg
spNO.207,h,1843,1850,1955,R14,VII,sad,3,0,spNO.207/h/color/1850.jpg,spNO.207/h/color/1843.jpg,spNO.207/h/color/1955.jpg
spNO.207,h,2479,2484,2503,4,III,disgust,4,0,spNO.207/h/color/2484.jpg,spNO.207/h/color/2479.jpg,spNO.207/h/color/2503.jpg
spNO.207,i,4176,4183,4208,4,III,disgust,4,0,spNO.207/i/color/4183.jpg,spNO.207/i/color/4176.jpg,spNO.207/i/color/4208.jpg
spNO.207,j,24,30,48,4,III,disgust,4,0,spNO.207/j/color/30.jpg,spNO.207/j/color/24.jpg,spNO.207/j/color/48.jpg
spNO.207,j,416,421,453,R2+R1,II,surprise,2,2,spNO.207/j/color/421.jpg,spNO.207/j/color/416.jpg,spNO.207/j/color/453.jpg
spNO.207,l,220,228,253,6+7,VII,sad,3,0,spNO.207/l/color/228.jpg,spNO.207/l/color/220.jpg,spNO.207/l/color/253.jpg
spNO.207,l,474,479,496,4,III,disgust,4,0,spNO.207/l/color/479.jpg,spNO.207/l/color/474.jpg,spNO.207/l/color/496.jpg
spNO.207,l,2028,2035,2068,R14,VII,sad,3,0,spNO.207/l/color/2035.jpg,spNO.207/l/color/2028.jpg,spNO.207/l/color/2068.jpg
spNO.207,l,3698,3706,3726,4,III,disgust,4,0,spNO.207/l/color/3706.jpg,spNO.207/l/color/3698.jpg,spNO.207/l/color/3726.jpg
spNO.207,l,3948,3951,3971,4,III,disgust,4,0,spNO.207/l/color/3951.jpg,spNO.207/l/color/3948.jpg,spNO.207/l/color/3971.jpg
spNO.207,m,26,34,48,24+T18+16,VII,disgust,4,0,spNO.207/m/color/34.jpg,spNO.207/m/color/26.jpg,spNO.207/m/color/48.jpg
spNO.208,c,278,286,311,4,III,disgust,4,0,spNO.208/c/color/286.jpg,spNO.208/c/color/278.jpg,spNO.208/c/color/311.jpg
spNO.208,c,1706,1714,1739,4,III,disgust,4,0,spNO.208/c/color/1714.jpg,spNO.208/c/color/1706.jpg,spNO.208/c/color/1739.jpg
spNO.208,c,1830,1838,1854,4+R12,VII,surprise,2,2,spNO.208/c/color/1838.jpg,spNO.208/c/color/1830.jpg,spNO.208/c/color/1854.jpg
spNO.208,c,1898,1906,1929,4,III,surprise,2,2,spNO.208/c/color/1906.jpg,spNO.208/c/color/1898.jpg,spNO.208/c/color/1929.jpg
spNO.208,c,1971,1979,1994,4,III,surprise,2,2,spNO.208/c/color/1979.jpg,spNO.208/c/color/1971.jpg,spNO.208/c/color/1994.jpg
spNO.208,c,2334,2341,2349,5,II,surprise,2,2,spNO.208/c/color/2341.jpg,spNO.208/c/color/2334.jpg,spNO.208/c/color/2349.jpg
spNO.208,d,1013,1020,1028,5,II,surprise,2,2,spNO.208/d/color/1020.jpg,spNO.208/d/color/1013.jpg,spNO.208/d/color/1028.jpg
spNO.208,d,2139,2144,2147,5,II,surprise,2,2,spNO.208/d/color/2144.jpg,spNO.208/d/color/2139.jpg,spNO.208/d/color/2147.jpg
spNO.208,e,937,947,952,5,II,surprise,2,2,spNO.208/e/color/947.jpg,spNO.208/e/color/937.jpg,spNO.208/e/color/952.jpg
spNO.208,e,1267,1273,1293,5,II,surprise,2,2,spNO.208/e/color/1273.jpg,spNO.208/e/color/1267.jpg,spNO.208/e/color/1293.jpg
spNO.208,e,1757,1764,1777,5,II,surprise,2,2,spNO.208/e/color/1764.jpg,spNO.208/e/color/1757.jpg,spNO.208/e/color/1777.jpg
spNO.208,f,1744,1751,1764,4,III,disgust,4,0,spNO.208/f/color/1751.jpg,spNO.208/f/color/1744.jpg,spNO.208/f/color/1764.jpg
spNO.208,m,47,51,55,R2+R1,II,surprise,2,2,spNO.208/m/color/51.jpg,spNO.208/m/color/47.jpg,spNO.208/m/color/55.jpg
spNO.208,m,178,183,198,4,III,disgust,4,0,spNO.208/m/color/183.jpg,spNO.208/m/color/178.jpg,spNO.208/m/color/198.jpg
spNO.208,m,608,616,641,4,III,disgust,4,0,spNO.208/m/color/616.jpg,spNO.208/m/color/608.jpg,spNO.208/m/color/641.jpg
spNO.208,m,1272,1280,1289,4,III,disgust,4,0,spNO.208/m/color/1280.jpg,spNO.208/m/color/1272.jpg,spNO.208/m/color/1289.jpg
spNO.209,h,2818,2823,2838,14,VII,sad,3,0,spNO.209/h/color/2823.jpg,spNO.209/h/color/2818.jpg,spNO.209/h/color/2838.jpg
spNO.209,i,3296,3302,3329,14,VII,anger,6,0,spNO.209/i/color/3302.jpg,spNO.209/i/color/3296.jpg,spNO.209/i/color/3329.jpg
spNO.209,j,661,668,709,14,VII,happy,1,1,spNO.209/j/color/668.jpg,spNO.209/j/color/661.jpg,spNO.209/j/color/709.jpg
spNO.209,l,268,272,301,14,VII,sad,3,0,spNO.209/l/color/272.jpg,spNO.209/l/color/268.jpg,spNO.209/l/color/301.jpg
spNO.209,m,63,68,76,24,VII,disgust,4,0,spNO.209/m/color/68.jpg,spNO.209/m/color/63.jpg,spNO.209/m/color/76.jpg
spNO.210,a,913,920,935,12,I,happy,1,1,spNO.210/a/color/920.jpg,spNO.210/a/color/913.jpg,spNO.210/a/color/935.jpg
spNO.210,b,218,225,268,14,VII,happy,1,1,spNO.210/b/color/225.jpg,spNO.210/b/color/218.jpg,spNO.210/b/color/268.jpg
spNO.210,c,3207,3211,3215,9+4,IV,disgust,4,0,spNO.210/c/color/3211.jpg,spNO.210/c/color/3207.jpg,spNO.210/c/color/3215.jpg
spNO.210,d,2425,2433,2458,14,VII,fear,5,0,spNO.210/d/color/2433.jpg,spNO.210/d/color/2425.jpg,spNO.210/d/color/2458.jpg
spNO.210,h,1310,1317,1332,14,VII,sad,3,0,spNO.210/h/color/1317.jpg,spNO.210/h/color/1310.jpg,spNO.210/h/color/1332.jpg
spNO.210,h,2079,2086,2155,14,VII,sad,3,0,spNO.210/h/color/2086.jpg,spNO.210/h/color/2079.jpg,spNO.210/h/color/2155.jpg
spNO.210,i,1,5,26,14,VII,anger,6,0,spNO.210/i/color/5.jpg,spNO.210/i/color/1.jpg,spNO.210/i/color/26.jpg
spNO.210,i,545,553,605,4+9+R14,VII,anger,6,0,spNO.210/i/color/553.jpg,spNO.210/i/color/545.jpg,spNO.210/i/color/605.jpg
spNO.210,k,546,553,571,38,VII,happy,1,1,spNO.210/k/color/553.jpg,spNO.210/k/color/546.jpg,spNO.210/k/color/571.jpg
spNO.210,m,4,4,18,14,VII,anger,6,0,spNO.210/m/color/4.jpg,spNO.210/m/color/4.jpg,spNO.210/m/color/18.jpg
spNO.211,h,1,1,68,14,VII,sad,3,0,spNO.211/h/color/1.jpg,spNO.211/h/color/1.jpg,spNO.211/h/color/68.jpg
spNO.212,b,923,930,957,L14,VII,disgust,4,0,spNO.212/b/color/930.jpg,spNO.212/b/color/923.jpg,spNO.212/b/color/957.jpg
spNO.212,e,1876,1884,1909,R2+R1,II,surprise,2,2,spNO.212/e/color/1884.jpg,spNO.212/e/color/1876.jpg,spNO.212/e/color/1909.jpg
spNO.212,i,556,564,587,1+2,II,surprise,2,2,spNO.212/i/color/564.jpg,spNO.212/i/color/556.jpg,spNO.212/i/color/587.jpg
spNO.212,i,1323,1326,1340,1+2,II,surprise,2,2,spNO.212/i/color/1326.jpg,spNO.212/i/color/1323.jpg,spNO.212/i/color/1340.jpg
spNO.212,j,45,49,56,R10,IV,happy,1,1,spNO.212/j/color/49.jpg,spNO.212/j/color/45.jpg,spNO.212/j/color/56.jpg
spNO.212,j,1127,1130,1137,L14,VII,happy,1,1,spNO.212/j/color/1130.jpg,spNO.212/j/color/1127.jpg,spNO.212/j/color/1137.jpg
spNO.213,k,2462,2467,2495,1,V,surprise,2,2,spNO.213/k/color/2467.jpg,spNO.213/k/color/2462.jpg,spNO.213/k/color/2495.jpg
spNO.214,c,5,5,3460,17+4,VII,disgust,4,0,spNO.214/c/color/5.jpg,spNO.214/c/color/5.jpg,spNO.214/c/color/3460.jpg
spNO.214,j,1239,1242,1298,14,VII,happy,1,1,spNO.214/j/color/1242.jpg,spNO.214/j/color/1239.jpg,spNO.214/j/color/1298.jpg
spNO.214,k,4,7,28,1+2,II,surprise,2,2,spNO.214/k/color/7.jpg,spNO.214/k/color/4.jpg,spNO.214/k/color/28.jpg
spNO.215,a,33,40,55,4,III,disgust,4,0,spNO.215/a/color/40.jpg,spNO.215/a/color/33.jpg,spNO.215/a/color/55.jpg
spNO.215,a,221,229,250,1,V,surprise,2,2,spNO.215/a/color/229.jpg,spNO.215/a/color/221.jpg,spNO.215/a/color/250.jpg
spNO.215,b,42,46,52,4,III,disgust,4,0,spNO.215/b/color/46.jpg,spNO.215/b/color/42.jpg,spNO.215/b/color/52.jpg
spNO.215,b,101,106,120,1,V,disgust,4,0,spNO.215/b/color/106.jpg,spNO.215/b/color/101.jpg,spNO.215/b/color/120.jpg
spNO.215,b,899,903,906,24,VII,surprise,2,2,spNO.215/b/color/903.jpg,spNO.215/b/color/899.jpg,spNO.215/b/color/906.jpg
spNO.215,c,119,127,141,1,V,surprise,2,2,spNO.215/c/color/127.jpg,spNO.215/c/color/119.jpg,spNO.215/c/color/141.jpg
spNO.215,d,2996,2999,3016,1+2,II,surprise,2,2,spNO.215/d/color/2999.jpg,spNO.215/d/color/2996.jpg,spNO.215/d/color/3016.jpg
spNO.215,d,4206,4213,4231,1+2,II,surprise,2,2,spNO.215/d/color/4213.jpg,spNO.215/d/color/4206.jpg,spNO.215/d/color/4231.jpg
spNO.215,e,446,448,453,9+6,VII,disgust,4,0,spNO.215/e/color/448.jpg,spNO.215/e/color/446.jpg,spNO.215/e/color/453.jpg
spNO.215,f,127,135,151,1,V,disgust,4,0,spNO.215/f/color/135.jpg,spNO.215/f/color/127.jpg,spNO.215/f/color/151.jpg
spNO.215,f,2183,2187,2197,L2,VII,surprise,2,2,spNO.215/f/color/2187.jpg,spNO.215/f/color/2183.jpg,spNO.215/f/color/2197.jpg
spNO.215,h,3233,3236,3250,1,V,sad,3,0,spNO.215/h/color/3236.jpg,spNO.215/h/color/3233.jpg,spNO.215/h/color/3250.jpg
spNO.215,i,549,556,576,1,V,anger,6,0,spNO.215/i/color/556.jpg,spNO.215/i/color/549.jpg,spNO.215/i/color/576.jpg
spNO.215,j,463,465,478,4,III,disgust,4,0,spNO.215/j/color/465.jpg,spNO.215/j/color/463.jpg,spNO.215/j/color/478.jpg
spNO.215,j,668,674,678,4,III,disgust,4,0,spNO.215/j/color/674.jpg,spNO.215/j/color/668.jpg,spNO.215/j/color/678.jpg
spNO.215,j,1374,1379,1397,1+4,V,disgust,4,0,spNO.215/j/color/1379.jpg,spNO.215/j/color/1374.jpg,spNO.215/j/color/1397.jpg
spNO.215,j,1710,1717,1738,4,III,disgust,4,0,spNO.215/j/color/1717.jpg,spNO.215/j/color/1710.jpg,spNO.215/j/color/1738.jpg
spNO.215,k,1505,1512,1529,R2+R1,II,surprise,2,2,spNO.215/k/color/1512.jpg,spNO.215/k/color/1505.jpg,spNO.215/k/color/1529.jpg
spNO.215,l,1613,1618,1637,4,III,disgust,4,0,spNO.215/l/color/1618.jpg,spNO.215/l/color/1613.jpg,spNO.215/l/color/1637.jpg
spNO.216,a,921,926,936,7,VII,disgust,4,0,spNO.216/a/color/926.jpg,spNO.216/a/color/921.jpg,spNO.216/a/color/936.jpg
spNO.216,a,939,945,966,7,VII,disgust,4,0,spNO.216/a/color/945.jpg,spNO.216/a/color/939.jpg,spNO.216/a/color/966.jpg
spNO.216,b,67,73,103,R14,VII,happy,1,1,spNO.216/b/color/73.jpg,spNO.216/b/color/67.jpg,spNO.216/b/color/103.jpg
spNO.216,c,2367,2375,2389,7,VII,disgust,4,0,spNO.216/c/color/2375.jpg,spNO.216/c/color/2367.jpg,spNO.216/c/color/2389.jpg
spNO.216,e,463,471,493,R1+R2,II,surprise,2,2,spNO.216/e/color/471.jpg,spNO.216/e/color/463.jpg,spNO.216/e/color/493.jpg
spNO.216,j,1,1,84,12,I,happy,1,1,spNO.216/j/color/1.jpg,spNO.216/j/color/1.jpg,spNO.216/j/color/84.jpg
spNO.216,m,622,632,637,L7,VII,anger,6,0,spNO.216/m/color/632.jpg,spNO.216/m/color/622.jpg,spNO.216/m/color/637.jpg
spNO.216,m,1311,1319,1344,7,VII,anger,6,0,spNO.216/m/color/1319.jpg,spNO.216/m/color/1311.jpg,spNO.216/m/color/1344.jpg
spNO.216,m,1569,1577,1600,4,III,anger,6,0,spNO.216/m/color/1577.jpg,spNO.216/m/color/1569.jpg,spNO.216/m/color/1600.jpg
spNO.217,b,920,928,945,17,VII,disgust,4,0,spNO.217/b/color/928.jpg,spNO.217/b/color/920.jpg,spNO.217/b/color/945.jpg
spNO.217,e,610,615,637,1+2,II,surprise,2,2,spNO.217/e/color/615.jpg,spNO.217/e/color/610.jpg,spNO.217/e/color/637.jpg
spNO.3,d,88,93,113,1+2,II,surprise,2,2,spNO.3/d/color/93.jpg,spNO.3/d/color/88.jpg,spNO.3/d/color/113.jpg
spNO.3,e,2200,2204,2225,1,V,surprise,2,2,spNO.3/e/color/2204.jpg,spNO.3/e/color/2200.jpg,spNO.3/e/color/2225.jpg
spNO.3,h,341,347,374,1,V,sad,3,0,spNO.3/h/color/347.jpg,spNO.3/h/color/341.jpg,spNO.3/h/color/374.jpg
spNO.3,h,552,556,582,L1+L2,II,surprise,2,2,spNO.3/h/color/556.jpg,spNO.3/h/color/552.jpg,spNO.3/h/color/582.jpg
spNO.3,h,1172,1179,1198,L1+L2,II,surprise,2,2,spNO.3/h/color/1179.jpg,spNO.3/h/color/1172.jpg,spNO.3/h/color/1198.jpg
spNO.3,k,1973,1980,2024,L2+L1,II,surprise,2,2,spNO.3/k/color/1980.jpg,spNO.3/k/color/1973.jpg,spNO.3/k/color/2024.jpg
spNO.3,l,1098,1104,1142,14,VII,sad,3,0,spNO.3/l/color/1104.jpg,spNO.3/l/color/1098.jpg,spNO.3/l/color/1142.jpg
spNO.3,l,1145,1152,1180,38,VII,sad,3,0,spNO.3/l/color/1152.jpg,spNO.3/l/color/1145.jpg,spNO.3/l/color/1180.jpg
spNO.3,l,2693,2697,2727,14,VII,sad,3,0,spNO.3/l/color/2697.jpg,spNO.3/l/color/2693.jpg,spNO.3/l/color/2727.jpg
spNO.3,m,1538,1544,1549,1,V,anger,6,0,spNO.3/m/color/1544.jpg,spNO.3/m/color/1538.jpg,spNO.3/m/color/1549.jpg
spNO.39,a,179,184,201,5,II,surprise,2,2,spNO.39/a/color/184.jpg,spNO.39/a/color/179.jpg,spNO.39/a/color/201.jpg
spNO.39,e,302,310,336,5,II,surprise,2,2,spNO.39/e/color/310.jpg,spNO.39/e/color/302.jpg,spNO.39/e/color/336.jpg
spNO.39,k,539,545,570,5,II,surprise,2,2,spNO.39/k/color/545.jpg,spNO.39/k/color/539.jpg,spNO.39/k/color/570.jpg
spNO.4,b,111,119,135,4,III,disgust,4,0,spNO.4/b/color/119.jpg,spNO.4/b/color/111.jpg,spNO.4/b/color/135.jpg
spNO.4,g,2033,2037,2041,17,VII,sad,3,0,spNO.4/g/color/2037.jpg,spNO.4/g/color/2033.jpg,spNO.4/g/color/2041.jpg
spNO.4,k,92,100,291,4,III,happy,1,1,spNO.4/k/color/100.jpg,spNO.4/k/color/92.jpg,spNO.4/k/color/291.jpg
spNO.4,l,2410,2418,2444,4,III,sad,3,0,spNO.4/l/color/2418.jpg,spNO.4/l/color/2410.jpg,spNO.4/l/color/2444.jpg
spNO.40,b,7,7,47,14,VII,disgust,4,0,spNO.40/b/color/7.jpg,spNO.40/b/color/7.jpg,spNO.40/b/color/47.jpg
spNO.40,c,8,8,45,14+24,VII,disgust,4,0,spNO.40/c/color/8.jpg,spNO.40/c/color/8.jpg,spNO.40/c/color/45.jpg
spNO.40,g,1232,1239,1274,L14,VII,anger,6,0,spNO.40/g/color/1239.jpg,spNO.40/g/color/1232.jpg,spNO.40/g/color/1274.jpg
spNO.40,j,1016,1023,1133,R14,VII,happy,1,1,spNO.40/j/color/1023.jpg,spNO.40/j/color/1016.jpg,spNO.40/j/color/1133.jpg
spNO.40,k,286,291,337,14,VII,happy,1,1,spNO.40/k/color/291.jpg,spNO.40/k/color/286.jpg,spNO.40/k/color/337.jpg
spNO.41,a,879,884,917,4,III,disgust,4,0,spNO.41/a/color/884.jpg,spNO.41/a/color/879.jpg,spNO.41/a/color/917.jpg
spNO.42,a,215,222,238,1,V,surprise,2,2,spNO.42/a/color/222.jpg,spNO.42/a/color/215.jpg,spNO.42/a/color/238.jpg
spNO.42,d,2843,2850,2868,4,III,fear,5,0,spNO.42/d/color/2850.jpg,spNO.42/d/color/2843.jpg,spNO.42/d/color/2868.jpg
spNO.42,d,3188,3196,3217,24,VII,fear,5,0,spNO.42/d/color/3196.jpg,spNO.42/d/color/3188.jpg,spNO.42/d/color/3217.jpg
spNO.42,d,3555,3561,3589,1,V,fear,5,0,spNO.42/d/color/3561.jpg,spNO.42/d/color/3555.jpg,spNO.42/d/color/3589.jpg
spNO.42,e,2646,2654,2667,4,III,surprise,2,2,spNO.42/e/color/2654.jpg,spNO.42/e/color/2646.jpg,spNO.42/e/color/2667.jpg
spNO.42,i,2461,2468,2532,24,VII,disgust,4,0,spNO.42/i/color/2468.jpg,spNO.42/i/color/2461.jpg,spNO.42/i/color/2532.jpg
spNO.42,i,3547,3555,3581,24,VII,disgust,4,0,spNO.42/i/color/3555.jpg,spNO.42/i/color/3547.jpg,spNO.42/i/color/3581.jpg
spNO.42,j,1730,1737,1758,1+2,II,surprise,2,2,spNO.42/j/color/1737.jpg,spNO.42/j/color/1730.jpg,spNO.42/j/color/1758.jpg
spNO.42,j,1778,1782,1795,4,III,happy,1,1,spNO.42/j/color/1782.jpg,spNO.42/j/color/1778.jpg,spNO.42/j/color/1795.jpg
spNO.42,m,7,7,48,14,VII,anger,6,0,spNO.42/m/color/7.jpg,spNO.42/m/color/7.jpg,spNO.42/m/color/48.jpg
spNO.42,m,1086,1091,1110,24,VII,disgust,4,0,spNO.42/m/color/1091.jpg,spNO.42/m/color/1086.jpg,spNO.42/m/color/1110.jpg
spNO.42,m,1289,1297,1321,4,III,disgust,4,0,spNO.42/m/color/1297.jpg,spNO.42/m/color/1289.jpg,spNO.42/m/color/1321.jpg
spNO.42,m,2058,2063,2076,4,III,disgust,4,0,spNO.42/m/color/2063.jpg,spNO.42/m/color/2058.jpg,spNO.42/m/color/2076.jpg
spNO.42,m,2168,2175,2207,4,III,disgust,4,0,spNO.42/m/color/2175.jpg,spNO.42/m/color/2168.jpg,spNO.42/m/color/2207.jpg
spNO.5,c,18,24,37,7,VII,disgust,4,0,spNO.5/c/color/24.jpg,spNO.5/c/color/18.jpg,spNO.5/c/color/37.jpg
spNO.5,c,486,494,499,5,II,surprise,2,2,spNO.5/c/color/494.jpg,spNO.5/c/color/486.jpg,spNO.5/c/color/499.jpg
spNO.5,e,771,779,796,7,VII,surprise,2,2,spNO.5/e/color/779.jpg,spNO.5/e/color/771.jpg,spNO.5/e/color/796.jpg
spNO.5,e,1631,1638,1647,7,VII,surprise,2,2,spNO.5/e/color/1638.jpg,spNO.5/e/color/1631.jpg,spNO.5/e/color/1647.jpg
spNO.5,e,1880,1887,1899,R7,VII,surprise,2,2,spNO.5/e/color/1887.jpg,spNO.5/e/color/1880.jpg,spNO.5/e/color/1899.jpg
spNO.5,e,1923,1927,1935,7,VII,surprise,2,2,spNO.5/e/color/1927.jpg,spNO.5/e/color/1923.jpg,spNO.5/e/color/1935.jpg
spNO.6,c,246,249,252,L9,IV,disgust,4,0,spNO.6/c/color/249.jpg,spNO.6/c/color/246.jpg,spNO.6/c/color/252.jpg
spNO.6,f,191,195,219,15,V,fear,5,0,spNO.6/f/color/195.jpg,spNO.6/f/color/191.jpg,spNO.6/f/color/219.jpg
spNO.6,j,1122,1127,1184,R1+R2,II,surprise,2,2,spNO.6/j/color/1127.jpg,spNO.6/j/color/1122.jpg,spNO.6/j/color/1184.jpg
spNO.6,j,1683,1689,1692,14,VII,happy,1,1,spNO.6/j/color/1689.jpg,spNO.6/j/color/1683.jpg,spNO.6/j/color/1692.jpg
spNO.7,a,40,46,54,4,III,disgust,4,0,spNO.7/a/color/46.jpg,spNO.7/a/color/40.jpg,spNO.7/a/color/54.jpg
spNO.7,c,406,414,432,4+10+5,VII,disgust,4,0,spNO.7/c/color/414.jpg,spNO.7/c/color/406.jpg,spNO.7/c/color/432.jpg
spNO.7,d,3041,3047,3057,4,III,fear,5,0,spNO.7/d/color/3047.jpg,spNO.7/d/color/3041.jpg,spNO.7/d/color/3057.jpg
spNO.7,i,5,5,38,14,VII,anger,6,0,spNO.7/i/color/5.jpg,spNO.7/i/color/5.jpg,spNO.7/i/color/38.jpg
spNO.77,d,4708,4714,4723,4,III,fear,5,0,spNO.77/d/color/4714.jpg,spNO.77/d/color/4708.jpg,spNO.77/d/color/4723.jpg
spNO.77,f,542,550,586,15,V,fear,5,0,spNO.77/f/color/550.jpg,spNO.77/f/color/542.jpg,spNO.77/f/color/586.jpg
spNO.77,f,609,614,621,4,III,fear,5,0,spNO.77/f/color/614.jpg,spNO.77/f/color/609.jpg,spNO.77/f/color/621.jpg
spNO.77,g,353,360,420,4,III,sad,3,0,spNO.77/g/color/360.jpg,spNO.77/g/color/353.jpg,spNO.77/g/color/420.jpg
spNO.77,i,7,7,35,14,VII,anger,6,0,spNO.77/i/color/7.jpg,spNO.77/i/color/7.jpg,spNO.77/i/color/35.jpg
spNO.77,i,535,540,552,4,III,disgust,4,0,spNO.77/i/color/540.jpg,spNO.77/i/color/535.jpg,spNO.77/i/color/552.jpg
spNO.77,k,7,7,56,14,VII,happy,1,1,spNO.77/k/color/7.jpg,spNO.77/k/color/7.jpg,spNO.77/k/color/56.jpg
spNO.77,m,250,257,275,4,III,disgust,4,0,spNO.77/m/color/257.jpg,spNO.77/m/color/250.jpg,spNO.77/m/color/275.jpg
spNO.8,e,295,301,308,4,III,disgust,4,0,spNO.8/e/color/301.jpg,spNO.8/e/color/295.jpg,spNO.8/e/color/308.jpg
spNO.8,e,1035,1040,1098,14,VII,fear,5,0,spNO.8/e/color/1040.jpg,spNO.8/e/color/1035.jpg,spNO.8/e/color/1098.jpg
spNO.8,f,1064,1068,1155,14,VII,fear,5,0,spNO.8/f/color/1068.jpg,spNO.8/f/color/1064.jpg,spNO.8/f/color/1155.jpg
spNO.8,h,468,475,516,16+24+14,VII,sad,3,0,spNO.8/h/color/475.jpg,spNO.8/h/color/468.jpg,spNO.8/h/color/516.jpg
spNO.8,h,2030,2038,2068,14,VII,sad,3,0,spNO.8/h/color/2038.jpg,spNO.8/h/color/2030.jpg,spNO.8/h/color/2068.jpg
spNO.8,i,1823,1830,1856,14,VII,anger,6,0,spNO.8/i/color/1830.jpg,spNO.8/i/color/1823.jpg,spNO.8/i/color/1856.jpg
spNO.8,k,1043,1047,1099,4,III,happy,1,1,spNO.8/k/color/1047.jpg,spNO.8/k/color/1043.jpg,spNO.8/k/color/1099.jpg
spNO.8,k,1803,1811,1822,T24,VII,happy,1,1,spNO.8/k/color/1811.jpg,spNO.8/k/color/1803.jpg,spNO.8/k/color/1822.jpg
spNO.8,l,1366,1372,1388,14,VII,sad,3,0,spNO.8/l/color/1372.jpg,spNO.8/l/color/1366.jpg,spNO.8/l/color/1388.jpg
spNO.8,l,2147,2152,2162,14,VII,sad,3,0,spNO.8/l/color/2152.jpg,spNO.8/l/color/2147.jpg,spNO.8/l/color/2162.jpg
spNO.8,l,2836,2840,2861,14,VII,sad,3,0,spNO.8/l/color/2840.jpg,spNO.8/l/color/2836.jpg,spNO.8/l/color/2861.jpg
